Source Section	Access Type	Data Type	Count
AllSmall.ns pos=1537 len=14	read	Bounce	1
AllSmall.ns pos=1537 len=14	read	DeltaBlue	1
AllSmall.ns pos=1537 len=14	read	GCBench	1
AllSmall.ns pos=1537 len=14	read	Json	1
AllSmall.ns pos=1537 len=14	read	Dispatch class	1
AllSmall.ns pos=1537 len=14	read	DispatchNoArg class	1
AllSmall.ns pos=1537 len=14	read	DispatchPerformNoArg class	1
AllSmall.ns pos=1537 len=14	read	Exceptions class	1
AllSmall.ns pos=1537 len=14	read	Fibonacci class	1
AllSmall.ns pos=1537 len=14	read	FieldLoop class	1
AllSmall.ns pos=1537 len=14	read	FieldWrite class	1
AllSmall.ns pos=1537 len=14	read	IntegerLoop class	1
AllSmall.ns pos=1537 len=14	read	Loop class	1
AllSmall.ns pos=1537 len=14	read	NonLocalReturn class	1
AllSmall.ns pos=1537 len=14	read	ObjectLiterals class	1
AllSmall.ns pos=1537 len=14	read	ObjectLiterals2 class	1
AllSmall.ns pos=1537 len=14	read	ObjectLiterals3 class	1
AllSmall.ns pos=1537 len=14	read	OuterConstLoop class	1
AllSmall.ns pos=1537 len=14	read	Recurse class	1
AllSmall.ns pos=1537 len=14	read	Sum class	1
AllSmall.ns pos=1537 len=14	read	VectorRead class	1
AllSmall.ns pos=1537 len=14	read	WhileLoop class	1
AllSmall.ns pos=1537 len=14	read	WhileLoopPoly class	1
AllSmall.ns pos=1537 len=14	read	List	1
AllSmall.ns pos=1537 len=14	read	Mandelbrot	1
AllSmall.ns pos=1537 len=14	read	NBody	1
AllSmall.ns pos=1537 len=14	read	Permute	1
AllSmall.ns pos=1537 len=14	read	Queens	1
AllSmall.ns pos=1537 len=14	read	Richards	1
AllSmall.ns pos=1537 len=14	read	Sieve	1
AllSmall.ns pos=1537 len=14	read	BubbleSort class	1
AllSmall.ns pos=1537 len=14	read	QuickSort class	1
AllSmall.ns pos=1537 len=14	read	TreeSort class	1
AllSmall.ns pos=1537 len=14	read	Storage	1
AllSmall.ns pos=1537 len=14	read	Towers	1
AllSmall.ns pos=1537 len=14	read	ALL	35
AllSmall.ns pos=3743 len=6	read	System	35
AllSmall.ns pos=3743 len=6	read	ALL	35
AllSmall.ns pos=3806 len=8	read	Platform	35
AllSmall.ns pos=3806 len=8	read	ALL	35
AllSmall.ns pos=3827 len=7	read	Harness	35
AllSmall.ns pos=3827 len=7	read	ALL	35
AllSmall.ns pos=3959 len=12	read	ObjectMirror class	21
AllSmall.ns pos=3959 len=12	read	ALL	21
AllSmall.ns pos=4628 len=4	read	String	35
AllSmall.ns pos=4628 len=4	read	ALL	35
AllSmall.ns pos=4672 len=13	read	Integer	35
AllSmall.ns pos=4672 len=13	read	ALL	35
AllSmall.ns pos=4713 len=5	read	Integer	35
AllSmall.ns pos=4713 len=5	read	ALL	35
AllSmall.ns pos=4789 len=5	read	Integer	35
AllSmall.ns pos=4789 len=5	read	ALL	35
AllSmall.ns pos=4802 len=13	read	Integer	35
AllSmall.ns pos=4802 len=13	read	ALL	35
AllSmall.ns pos=4872 len=14	read	Double	35
AllSmall.ns pos=4872 len=14	read	ALL	35
AllSmall.ns pos=4894 len=5	read	Integer	35
AllSmall.ns pos=4894 len=5	read	ALL	35
AllSmall.ns pos=4907 len=13	read	Integer	35
AllSmall.ns pos=4907 len=13	read	ALL	35
Bounce.ns pos=1369 len=6	read	Random class	99
Bounce.ns pos=1369 len=6	read	ALL	99
Bounce.ns pos=1438 len=5	read	Array class	99
Bounce.ns pos=1438 len=5	read	ALL	99
Bounce.ns pos=2021 len=1	read	Integer	499999
Bounce.ns pos=2021 len=1	read	ALL	499999
Bounce.ns pos=2025 len=4	read	Integer	499999
Bounce.ns pos=2025 len=4	read	ALL	499999
Bounce.ns pos=2041 len=1	read	Integer	499999
Bounce.ns pos=2041 len=1	read	ALL	499999
Bounce.ns pos=2045 len=4	read	Integer	499999
Bounce.ns pos=2045 len=4	read	ALL	499999
Bounce.ns pos=2057 len=1	read	Integer	499999
Bounce.ns pos=2057 len=1	read	ALL	499999
Bounce.ns pos=2109 len=4	read	Integer	35799
Bounce.ns pos=2109 len=4	read	ALL	35799
Bounce.ns pos=2143 len=1	read	Integer	499999
Bounce.ns pos=2143 len=1	read	ALL	499999
Bounce.ns pos=2186 len=4	read	Integer	35399
Bounce.ns pos=2186 len=4	read	ALL	35399
Bounce.ns pos=2224 len=1	read	Integer	499999
Bounce.ns pos=2224 len=1	read	ALL	499999
Bounce.ns pos=2276 len=4	read	Integer	35499
Bounce.ns pos=2276 len=4	read	ALL	35499
Bounce.ns pos=2310 len=1	read	Integer	499999
Bounce.ns pos=2310 len=1	read	ALL	499999
Bounce.ns pos=2353 len=4	read	Integer	35899
Bounce.ns pos=2353 len=4	read	ALL	35899
Collections.ns pos=3855 len=5	read	Array class	1
Collections.ns pos=3855 len=5	read	ALL	1
Collections.ns pos=4146 len=4	read	Integer	7113
Collections.ns pos=4146 len=4	read	ALL	7113
Collections.ns pos=4165 len=3	read	Symbol	6610
Collections.ns pos=4165 len=3	read	ALL	6610
Collections.ns pos=4381 len=7	read	Array	6626
Collections.ns pos=4381 len=7	read	ALL	6626
Collections.ns pos=4451 len=7	read	Array	6610
Collections.ns pos=4451 len=7	read	ALL	6610
Collections.ns pos=4748 len=5	read	Strength	6603
Collections.ns pos=4748 len=5	read	Integer	7
Collections.ns pos=4748 len=5	read	ALL	6610
Collections.ns pos=4771 len=4	read	Entry	500
Collections.ns pos=4771 len=4	read	ALL	500
Collections.ns pos=5173 len=7	read	Array	15
Collections.ns pos=5173 len=7	read	ALL	15
Collections.ns pos=5237 len=7	read	Array	13
Collections.ns pos=5237 len=7	read	ALL	13
Collections.ns pos=5315 len=5	read	Integer	13
Collections.ns pos=5315 len=5	read	ALL	13
Collections.ns pos=5428 len=5	read	Integer	15
Collections.ns pos=5428 len=5	read	ALL	15
Collections.ns pos=5436 len=7	read	Array	15
Collections.ns pos=5436 len=7	read	ALL	15
Collections.ns pos=5854 len=4	read	Nil	1
Collections.ns pos=5854 len=4	read	ALL	1
Collections.ns pos=5893 len=5	read	Integer	1
Collections.ns pos=5893 len=5	read	ALL	1
Collections.ns pos=7859 len=3	read	Symbol	7
Collections.ns pos=7859 len=3	read	ALL	7
Collections.ns pos=7892 len=4	read	Entry	1
Collections.ns pos=7892 len=4	read	Nil	6
Collections.ns pos=7892 len=4	read	ALL	7
Collections.ns pos=8451 len=15	read	Integer	1
Collections.ns pos=8451 len=15	read	ALL	1
DeltaBlue.ns pos=3418 len=6	read	Variable	499
DeltaBlue.ns pos=3418 len=6	read	ALL	499
DeltaBlue.ns pos=3856 len=6	read	Vector class	499
DeltaBlue.ns pos=3856 len=6	read	ALL	499
DeltaBlue.ns pos=5753 len=6	read	Variable	6699
DeltaBlue.ns pos=5753 len=6	read	ALL	6699
DeltaBlue.ns pos=5760 len=4	read	Integer	6699
DeltaBlue.ns pos=5760 len=4	read	ALL	6699
DeltaBlue.ns pos=5936 len=6	read	Variable	6699
DeltaBlue.ns pos=5936 len=6	read	ALL	6699
DeltaBlue.ns pos=6001 len=6	read	Variable	6699
DeltaBlue.ns pos=6001 len=6	read	ALL	6699
DeltaBlue.ns pos=6496 len=12	read	EditConstraint	1000
DeltaBlue.ns pos=6496 len=12	read	EqualityConstraint	9999
DeltaBlue.ns pos=6496 len=12	read	ScaleConstraint	10600
DeltaBlue.ns pos=6496 len=12	read	StayConstraint	2400
DeltaBlue.ns pos=6496 len=12	read	ALL	23999
DeltaBlue.ns pos=6518 len=11	read	Vector	23999
DeltaBlue.ns pos=6518 len=11	read	ALL	23999
DeltaBlue.ns pos=7422 len=6	read	Vector class	13099
DeltaBlue.ns pos=7422 len=6	read	ALL	13099
DeltaBlue.ns pos=7513 len=6	read	Variable	16198
DeltaBlue.ns pos=7513 len=6	read	ALL	16198
DeltaBlue.ns pos=7520 len=4	read	Integer	17299
DeltaBlue.ns pos=7520 len=4	read	ALL	17299
DeltaBlue.ns pos=7662 len=6	read	Variable	16198
DeltaBlue.ns pos=7662 len=6	read	ALL	16198
DeltaBlue.ns pos=8162 len=12	read	EqualityConstraint	2000
DeltaBlue.ns pos=8162 len=12	read	ScaleConstraint	4200
DeltaBlue.ns pos=8162 len=12	read	Nil	499
DeltaBlue.ns pos=8162 len=12	read	ALL	6699
DeltaBlue.ns pos=8184 len=11	read	Vector	6699
DeltaBlue.ns pos=8184 len=11	read	ALL	6699
DeltaBlue.ns pos=8785 len=11	read	Integer	7399
DeltaBlue.ns pos=8785 len=11	read	ALL	7399
DeltaBlue.ns pos=9115 len=6	read	Vector class	499
DeltaBlue.ns pos=9115 len=6	read	ALL	499
DeltaBlue.ns pos=9242 len=6	read	Vector class	499
DeltaBlue.ns pos=9242 len=6	read	ALL	499
DeltaBlue.ns pos=9335 len=11	read	Vector	6699
DeltaBlue.ns pos=9335 len=11	read	ALL	6699
DeltaBlue.ns pos=9828 len=5	read	Array class	99
DeltaBlue.ns pos=9828 len=5	read	ALL	99
DeltaBlue.ns pos=10462 len=5	read	Integer	9999
DeltaBlue.ns pos=10462 len=5	read	ALL	9999
DeltaBlue.ns pos=10847 len=6	read	Vector class	99
DeltaBlue.ns pos=10847 len=6	read	ALL	99
DeltaBlue.ns pos=11286 len=5	read	Integer	99
DeltaBlue.ns pos=11286 len=5	read	ALL	99
DeltaBlue.ns pos=11410 len=5	read	Integer	99
DeltaBlue.ns pos=11410 len=5	read	ALL	99
DeltaBlue.ns pos=11570 len=5	read	Integer	1899
DeltaBlue.ns pos=11570 len=5	read	ALL	1899
DeltaBlue.ns pos=11756 len=5	read	Integer	1899
DeltaBlue.ns pos=11756 len=5	read	ALL	1899
DeltaBlue.ns pos=12652 len=13	read	Dictionary	7
DeltaBlue.ns pos=12652 len=13	read	ALL	7
DeltaBlue.ns pos=12820 len=15	read	Integer	299
DeltaBlue.ns pos=12820 len=15	read	ALL	299
DeltaBlue.ns pos=12848 len=15	read	Integer	299
DeltaBlue.ns pos=12848 len=15	read	ALL	299
DeltaBlue.ns pos=12980 len=15	read	Integer	13099
DeltaBlue.ns pos=12980 len=15	read	ALL	13099
DeltaBlue.ns pos=13008 len=15	read	Integer	13099
DeltaBlue.ns pos=13008 len=15	read	ALL	13099
DeltaBlue.ns pos=13136 len=15	read	Integer	24599
DeltaBlue.ns pos=13136 len=15	read	ALL	24599
DeltaBlue.ns pos=13164 len=15	read	Integer	24599
DeltaBlue.ns pos=13164 len=15	read	ALL	24599
DeltaBlue.ns pos=14456 len=17	read	Dictionary	6602
DeltaBlue.ns pos=14456 len=17	read	ALL	6602
DeltaBlue.ns pos=14618 len=15	read	Strength	6799
DeltaBlue.ns pos=14618 len=15	read	ALL	6799
DeltaBlue.ns pos=14673 len=8	read	Strength	299
DeltaBlue.ns pos=14673 len=8	read	ALL	299
DeltaBlue.ns pos=17436 len=4	read	Integer	14599
DeltaBlue.ns pos=17436 len=4	read	ALL	14599
DeltaBlue.ns pos=17455 len=4	read	True	8399
DeltaBlue.ns pos=17455 len=4	read	ALL	8399
DeltaBlue.ns pos=18718 len=6	read	Variable	7798
DeltaBlue.ns pos=18718 len=6	read	ALL	7798
DeltaBlue.ns pos=18753 len=12	read	EqualityConstraint	6000
DeltaBlue.ns pos=18753 len=12	read	ScaleConstraint	200
DeltaBlue.ns pos=18753 len=12	read	StayConstraint	300
DeltaBlue.ns pos=18753 len=12	read	Nil	6599
DeltaBlue.ns pos=18753 len=12	read	ALL	13099
DeltaBlue.ns pos=19143 len=8	read	Strength	299
DeltaBlue.ns pos=19143 len=8	read	ALL	299
DeltaBlue.ns pos=19985 len=9	read	Nil	6400
DeltaBlue.ns pos=19985 len=9	read	Symbol	62398
DeltaBlue.ns pos=19985 len=9	read	ALL	68798
DeltaBlue.ns pos=20103 len=2	read	Variable	1999
DeltaBlue.ns pos=20103 len=2	read	ALL	1999
DeltaBlue.ns pos=20133 len=2	read	Variable	1999
DeltaBlue.ns pos=20133 len=2	read	ALL	1999
DeltaBlue.ns pos=20632 len=2	read	Variable	12398
DeltaBlue.ns pos=20632 len=2	read	ALL	12398
DeltaBlue.ns pos=20635 len=4	read	Integer	10199
DeltaBlue.ns pos=20635 len=4	read	ALL	10199
DeltaBlue.ns pos=20692 len=2	read	Variable	2198
DeltaBlue.ns pos=20692 len=2	read	ALL	2198
DeltaBlue.ns pos=20695 len=4	read	Integer	2099
DeltaBlue.ns pos=20695 len=4	read	ALL	2099
DeltaBlue.ns pos=20716 len=8	read	Strength	2198
DeltaBlue.ns pos=20716 len=8	read	ALL	2198
DeltaBlue.ns pos=20735 len=2	read	Variable	2198
DeltaBlue.ns pos=20735 len=2	read	ALL	2198
DeltaBlue.ns pos=20738 len=12	read	Strength	2099
DeltaBlue.ns pos=20738 len=12	read	ALL	2099
DeltaBlue.ns pos=20850 len=2	read	Variable	10198
DeltaBlue.ns pos=20850 len=2	read	ALL	10198
DeltaBlue.ns pos=20853 len=4	read	Integer	8099
DeltaBlue.ns pos=20853 len=4	read	ALL	8099
DeltaBlue.ns pos=20911 len=2	read	Variable	4198
DeltaBlue.ns pos=20911 len=2	read	ALL	4198
DeltaBlue.ns pos=20914 len=4	read	Integer	4099
DeltaBlue.ns pos=20914 len=4	read	ALL	4099
DeltaBlue.ns pos=20935 len=8	read	Strength	4198
DeltaBlue.ns pos=20935 len=8	read	ALL	4198
DeltaBlue.ns pos=20954 len=2	read	Variable	4198
DeltaBlue.ns pos=20954 len=2	read	ALL	4198
DeltaBlue.ns pos=20957 len=12	read	Strength	4099
DeltaBlue.ns pos=20957 len=12	read	ALL	4099
DeltaBlue.ns pos=21149 len=2	read	Variable	5998
DeltaBlue.ns pos=21149 len=2	read	ALL	5998
DeltaBlue.ns pos=21152 len=12	read	Strength	3999
DeltaBlue.ns pos=21152 len=12	read	ALL	3999
DeltaBlue.ns pos=21173 len=2	read	Variable	5998
DeltaBlue.ns pos=21173 len=2	read	ALL	5998
DeltaBlue.ns pos=21176 len=12	read	Strength	3999
DeltaBlue.ns pos=21176 len=12	read	ALL	3999
DeltaBlue.ns pos=21376 len=8	read	Strength	5998
DeltaBlue.ns pos=21376 len=8	read	ALL	5998
DeltaBlue.ns pos=21395 len=2	read	Variable	5998
DeltaBlue.ns pos=21395 len=2	read	ALL	5998
DeltaBlue.ns pos=21398 len=12	read	Strength	3999
DeltaBlue.ns pos=21398 len=12	read	ALL	3999
DeltaBlue.ns pos=21740 len=9	read	Symbol	9999
DeltaBlue.ns pos=21740 len=9	read	ALL	9999
DeltaBlue.ns pos=21794 len=2	read	Variable	5999
DeltaBlue.ns pos=21794 len=2	read	ALL	5999
DeltaBlue.ns pos=21832 len=2	read	Variable	3999
DeltaBlue.ns pos=21832 len=2	read	ALL	3999
DeltaBlue.ns pos=22030 len=9	read	Symbol	95598
DeltaBlue.ns pos=22030 len=9	read	ALL	95598
DeltaBlue.ns pos=22072 len=2	read	Variable	82198
DeltaBlue.ns pos=22072 len=2	read	ALL	82198
DeltaBlue.ns pos=22098 len=2	read	Variable	13398
DeltaBlue.ns pos=22098 len=2	read	ALL	13398
DeltaBlue.ns pos=22351 len=9	read	Symbol	9999
DeltaBlue.ns pos=22351 len=9	read	ALL	9999
DeltaBlue.ns pos=22396 len=2	read	Variable	5999
DeltaBlue.ns pos=22396 len=2	read	ALL	5999
DeltaBlue.ns pos=22406 len=2	read	Variable	5999
DeltaBlue.ns pos=22406 len=2	read	ALL	5999
DeltaBlue.ns pos=22435 len=2	read	Variable	3999
DeltaBlue.ns pos=22435 len=2	read	ALL	3999
DeltaBlue.ns pos=22445 len=2	read	Variable	3999
DeltaBlue.ns pos=22445 len=2	read	ALL	3999
DeltaBlue.ns pos=22476 len=8	read	Strength	9999
DeltaBlue.ns pos=22476 len=8	read	ALL	9999
DeltaBlue.ns pos=22497 len=12	read	Strength	9999
DeltaBlue.ns pos=22497 len=12	read	ALL	9999
DeltaBlue.ns pos=22531 len=4	read	False	2000
DeltaBlue.ns pos=22531 len=4	read	True	7999
DeltaBlue.ns pos=22531 len=4	read	ALL	9999
DeltaBlue.ns pos=22547 len=4	read	False	2000
DeltaBlue.ns pos=22547 len=4	read	True	7999
DeltaBlue.ns pos=22547 len=4	read	ALL	9999
DeltaBlue.ns pos=23503 len=9	read	Symbol	207999
DeltaBlue.ns pos=23503 len=9	read	ALL	207999
DeltaBlue.ns pos=23543 len=2	read	Variable	203999
DeltaBlue.ns pos=23543 len=2	read	ALL	203999
DeltaBlue.ns pos=23553 len=2	read	Variable	203999
DeltaBlue.ns pos=23553 len=2	read	ALL	203999
DeltaBlue.ns pos=23556 len=5	read	Integer	203999
DeltaBlue.ns pos=23556 len=5	read	ALL	203999
DeltaBlue.ns pos=23583 len=2	read	Variable	3999
DeltaBlue.ns pos=23583 len=2	read	ALL	3999
DeltaBlue.ns pos=23593 len=2	read	Variable	3999
DeltaBlue.ns pos=23593 len=2	read	ALL	3999
DeltaBlue.ns pos=23596 len=5	read	Integer	3999
DeltaBlue.ns pos=23596 len=5	read	ALL	3999
DeltaBlue.ns pos=24376 len=2	read	Variable	1999
DeltaBlue.ns pos=24376 len=2	read	ALL	1999
DeltaBlue.ns pos=24406 len=2	read	Variable	1999
DeltaBlue.ns pos=24406 len=2	read	ALL	1999
DeltaBlue.ns pos=24436 len=5	read	Variable	1999
DeltaBlue.ns pos=24436 len=5	read	ALL	1999
DeltaBlue.ns pos=24470 len=6	read	Variable	1999
DeltaBlue.ns pos=24470 len=6	read	ALL	1999
DeltaBlue.ns pos=24995 len=9	read	Symbol	48399
DeltaBlue.ns pos=24995 len=9	read	ALL	48399
DeltaBlue.ns pos=25035 len=2	read	Variable	47299
DeltaBlue.ns pos=25035 len=2	read	ALL	47299
DeltaBlue.ns pos=25046 len=2	read	Variable	47299
DeltaBlue.ns pos=25046 len=2	read	ALL	47299
DeltaBlue.ns pos=25049 len=5	read	Integer	47299
DeltaBlue.ns pos=25049 len=5	read	ALL	47299
DeltaBlue.ns pos=25057 len=5	read	Variable	47299
DeltaBlue.ns pos=25057 len=5	read	ALL	47299
DeltaBlue.ns pos=25063 len=5	read	Integer	47299
DeltaBlue.ns pos=25063 len=5	read	ALL	47299
DeltaBlue.ns pos=25072 len=6	read	Variable	47299
DeltaBlue.ns pos=25072 len=6	read	ALL	47299
DeltaBlue.ns pos=25079 len=5	read	Integer	47299
DeltaBlue.ns pos=25079 len=5	read	ALL	47299
DeltaBlue.ns pos=25106 len=2	read	Variable	1099
DeltaBlue.ns pos=25106 len=2	read	ALL	1099
DeltaBlue.ns pos=25117 len=2	read	Variable	1099
DeltaBlue.ns pos=25117 len=2	read	ALL	1099
DeltaBlue.ns pos=25120 len=5	read	Integer	1099
DeltaBlue.ns pos=25120 len=5	read	ALL	1099
DeltaBlue.ns pos=25128 len=6	read	Variable	1099
DeltaBlue.ns pos=25128 len=6	read	ALL	1099
DeltaBlue.ns pos=25135 len=5	read	Integer	1099
DeltaBlue.ns pos=25135 len=5	read	ALL	1099
DeltaBlue.ns pos=25144 len=5	read	Variable	1099
DeltaBlue.ns pos=25144 len=5	read	ALL	1099
DeltaBlue.ns pos=25150 len=5	read	Integer	1099
DeltaBlue.ns pos=25150 len=5	read	ALL	1099
DeltaBlue.ns pos=25263 len=9	read	Symbol	6399
DeltaBlue.ns pos=25263 len=9	read	ALL	6399
DeltaBlue.ns pos=25315 len=2	read	Variable	6199
DeltaBlue.ns pos=25315 len=2	read	ALL	6199
DeltaBlue.ns pos=25350 len=5	read	Variable	6199
DeltaBlue.ns pos=25350 len=5	read	ALL	6199
DeltaBlue.ns pos=25388 len=6	read	Variable	6199
DeltaBlue.ns pos=25388 len=6	read	ALL	6199
DeltaBlue.ns pos=25428 len=2	read	Variable	199
DeltaBlue.ns pos=25428 len=2	read	ALL	199
DeltaBlue.ns pos=25464 len=5	read	Variable	199
DeltaBlue.ns pos=25464 len=5	read	ALL	199
DeltaBlue.ns pos=25503 len=6	read	Variable	199
DeltaBlue.ns pos=25503 len=6	read	ALL	199
DeltaBlue.ns pos=25760 len=9	read	Symbol	10599
DeltaBlue.ns pos=25760 len=9	read	ALL	10599
DeltaBlue.ns pos=25806 len=2	read	Variable	10399
DeltaBlue.ns pos=25806 len=2	read	ALL	10399
DeltaBlue.ns pos=25816 len=2	read	Variable	10399
DeltaBlue.ns pos=25816 len=2	read	ALL	10399
DeltaBlue.ns pos=25846 len=2	read	Variable	199
DeltaBlue.ns pos=25846 len=2	read	ALL	199
DeltaBlue.ns pos=25856 len=2	read	Variable	199
DeltaBlue.ns pos=25856 len=2	read	ALL	199
DeltaBlue.ns pos=25887 len=8	read	Strength	10599
DeltaBlue.ns pos=25887 len=8	read	ALL	10599
DeltaBlue.ns pos=25908 len=12	read	Strength	10599
DeltaBlue.ns pos=25908 len=12	read	ALL	10599
DeltaBlue.ns pos=25943 len=4	read	False	200
DeltaBlue.ns pos=25943 len=4	read	True	10399
DeltaBlue.ns pos=25943 len=4	read	ALL	10599
DeltaBlue.ns pos=25954 len=5	read	Variable	10399
DeltaBlue.ns pos=25954 len=5	read	ALL	10399
DeltaBlue.ns pos=25960 len=4	read	False	2000
DeltaBlue.ns pos=25960 len=4	read	True	8399
DeltaBlue.ns pos=25960 len=4	read	ALL	10399
DeltaBlue.ns pos=25971 len=6	read	Variable	8399
DeltaBlue.ns pos=25971 len=6	read	ALL	8399
DeltaBlue.ns pos=25978 len=4	read	False	2000
DeltaBlue.ns pos=25978 len=4	read	True	6399
DeltaBlue.ns pos=25978 len=4	read	ALL	8399
DeltaBlue.ns pos=25997 len=4	read	False	4200
DeltaBlue.ns pos=25997 len=4	read	True	6399
DeltaBlue.ns pos=25997 len=4	read	ALL	10599
DeltaBlue.ns pos=26677 len=9	read	False	1500
DeltaBlue.ns pos=26677 len=9	read	True	5398
DeltaBlue.ns pos=26677 len=9	read	ALL	6898
DeltaBlue.ns pos=26788 len=6	read	Variable	3098
DeltaBlue.ns pos=26788 len=6	read	ALL	3098
DeltaBlue.ns pos=26938 len=6	read	Variable	999
DeltaBlue.ns pos=26938 len=6	read	ALL	999
DeltaBlue.ns pos=26962 len=6	read	Variable	999
DeltaBlue.ns pos=26962 len=6	read	ALL	999
DeltaBlue.ns pos=27165 len=6	read	Variable	3698
DeltaBlue.ns pos=27165 len=6	read	ALL	3698
DeltaBlue.ns pos=27172 len=4	read	Integer	3199
DeltaBlue.ns pos=27172 len=4	read	ALL	3199
DeltaBlue.ns pos=27202 len=8	read	Strength	3398
DeltaBlue.ns pos=27202 len=8	read	ALL	3398
DeltaBlue.ns pos=27221 len=6	read	Variable	3398
DeltaBlue.ns pos=27221 len=6	read	ALL	3398
DeltaBlue.ns pos=27228 len=12	read	Strength	2899
DeltaBlue.ns pos=27228 len=12	read	ALL	2899
DeltaBlue.ns pos=27789 len=6	read	Variable	3398
DeltaBlue.ns pos=27789 len=6	read	ALL	3398
DeltaBlue.ns pos=27810 len=8	read	Strength	3398
DeltaBlue.ns pos=27810 len=8	read	ALL	3398
DeltaBlue.ns pos=27826 len=6	read	Variable	3398
DeltaBlue.ns pos=27826 len=6	read	ALL	3398
DeltaBlue.ns pos=27863 len=6	read	Variable	3398
DeltaBlue.ns pos=27863 len=6	read	ALL	3398
DeltaBlue.ns pos=27870 len=4	read	False	500
DeltaBlue.ns pos=27870 len=4	read	True	2399
DeltaBlue.ns pos=27870 len=4	read	ALL	2899
DeltaBlue.ns pos=29378 len=6	read	Vector class	6299
DeltaBlue.ns pos=29378 len=6	read	ALL	6299
DeltaBlue.ns pos=29714 len=11	read	Vector	14599
DeltaBlue.ns pos=29714 len=11	read	ALL	14599
DeltaBlue.ns pos=29850 len=11	read	Vector	999
DeltaBlue.ns pos=29850 len=11	read	ALL	999
DeltaBlue.ns pos=29879 len=12	read	EditConstraint	499
DeltaBlue.ns pos=29879 len=12	read	EqualityConstraint	100
DeltaBlue.ns pos=29879 len=12	read	ScaleConstraint	100
DeltaBlue.ns pos=29879 len=12	read	StayConstraint	100
DeltaBlue.ns pos=29879 len=12	read	Nil	200
DeltaBlue.ns pos=29879 len=12	read	ALL	999
Fannkuch.ns pos=1720 len=15	read	Array	3
Fannkuch.ns pos=1720 len=15	read	ALL	3
Fannkuch.ns pos=1855 len=5	read	Array class	3
Fannkuch.ns pos=1855 len=5	read	ALL	3
Fannkuch.ns pos=2414 len=4	read	Array	20159
Fannkuch.ns pos=2414 len=4	read	ALL	20159
Fannkuch.ns pos=2502 len=4	read	Array	34635
Fannkuch.ns pos=2502 len=4	read	ALL	34635
Fannkuch.ns pos=2545 len=4	read	Array	54767
Fannkuch.ns pos=2545 len=4	read	ALL	54767
Fannkuch.ns pos=2562 len=4	read	Array	54767
Fannkuch.ns pos=2562 len=4	read	ALL	54767
Fannkuch.ns pos=2589 len=4	read	Array	34635
Fannkuch.ns pos=2589 len=4	read	ALL	34635
Fannkuch.ns pos=2620 len=12	read	Array	34635
Fannkuch.ns pos=2620 len=12	read	ALL	34635
Fannkuch.ns pos=2646 len=12	read	Array	34635
Fannkuch.ns pos=2646 len=12	read	ALL	34635
Fannkuch.ns pos=2696 len=12	read	Array	34635
Fannkuch.ns pos=2696 len=12	read	ALL	34635
Fannkuch.ns pos=3053 len=5	read	False	20159
Fannkuch.ns pos=3053 len=5	read	True	4
Fannkuch.ns pos=3053 len=5	read	ALL	20163
Fannkuch.ns pos=3228 len=4	read	Array	20159
Fannkuch.ns pos=3228 len=4	read	ALL	20159
GCBench.ns pos=3567 len=17	read	Integer	4
GCBench.ns pos=3567 len=17	read	ALL	4
GCBench.ns pos=3743 len=19	read	Integer	4
GCBench.ns pos=3743 len=19	read	ALL	4
GCBench.ns pos=3864 len=5	read	Array class	4
GCBench.ns pos=3864 len=5	read	ALL	4
GCBench.ns pos=3875 len=10	read	Integer	4
GCBench.ns pos=3875 len=10	read	ALL	4
GCBench.ns pos=3912 len=10	read	Integer	4
GCBench.ns pos=3912 len=10	read	ALL	4
GCBench.ns pos=3992 len=5	read	Array class	4
GCBench.ns pos=3992 len=5	read	ALL	4
GCBench.ns pos=4005 len=13	read	Integer	4
GCBench.ns pos=4005 len=13	read	ALL	4
GCBench.ns pos=4021 len=13	read	Integer	4
GCBench.ns pos=4021 len=13	read	ALL	4
GCBench.ns pos=4063 len=13	read	Integer	4
GCBench.ns pos=4063 len=13	read	ALL	4
GCBench.ns pos=5124 len=17	read	Integer	19
GCBench.ns pos=5124 len=17	read	ALL	19
GCBench.ns pos=5346 len=4	read	Node	20744
GCBench.ns pos=5346 len=4	read	ALL	20744
GCBench.ns pos=5396 len=5	read	Node	20744
GCBench.ns pos=5396 len=5	read	ALL	20744
Harness.ns pos=2168 len=4	read	Integer	642599
Harness.ns pos=2168 len=4	read	ALL	642599
Harness.ns pos=2207 len=4	read	Integer	642599
Harness.ns pos=2207 len=4	read	ALL	642599
Harness.ns pos=5227 len=6	read	System	1275
Harness.ns pos=5227 len=6	read	ALL	1275
Harness.ns pos=5274 len=15	read	Integer	1275
Harness.ns pos=5274 len=15	read	ALL	1275
Harness.ns pos=5302 len=10	read	Integer	1275
Harness.ns pos=5302 len=10	read	ALL	1275
Harness.ns pos=5406 len=6	read	System	1275
Harness.ns pos=5406 len=6	read	ALL	1275
Harness.ns pos=5464 len=8	read	False	1275
Harness.ns pos=5464 len=8	read	ALL	1275
Harness.ns pos=5532 len=5	read	Integer	1275
Harness.ns pos=5532 len=5	read	ALL	1275
Harness.ns pos=5590 len=13	read	Integer	35
Harness.ns pos=5590 len=13	read	ALL	35
Harness.ns pos=5652 len=10	read	Integer	1275
Harness.ns pos=5652 len=10	read	ALL	1275
Json.ns pos=27302 len=7	read	String	3391
Json.ns pos=27302 len=7	read	ALL	3391
Json.ns pos=27353 len=7	read	String	2801
Json.ns pos=27353 len=7	read	ALL	2801
Json.ns pos=27404 len=7	read	String	2775
Json.ns pos=27404 len=7	read	ALL	2775
Json.ns pos=27455 len=7	read	String	2772
Json.ns pos=27455 len=7	read	ALL	2772
Json.ns pos=27506 len=7	read	String	1421
Json.ns pos=27506 len=7	read	ALL	1421
Json.ns pos=27557 len=7	read	String	868
Json.ns pos=27557 len=7	read	ALL	868
Json.ns pos=27731 len=7	read	String	711
Json.ns pos=27731 len=7	read	ALL	711
Json.ns pos=27782 len=7	read	String	704
Json.ns pos=27782 len=7	read	ALL	704
Json.ns pos=27833 len=7	read	String	685
Json.ns pos=27833 len=7	read	ALL	685
Json.ns pos=27884 len=7	read	String	443
Json.ns pos=27884 len=7	read	ALL	443
Json.ns pos=27935 len=7	read	String	192
Json.ns pos=27935 len=7	read	ALL	192
Json.ns pos=27986 len=7	read	String	173
Json.ns pos=27986 len=7	read	ALL	173
Json.ns pos=28037 len=7	read	String	132
Json.ns pos=28037 len=7	read	ALL	132
Json.ns pos=28088 len=7	read	String	95
Json.ns pos=28088 len=7	read	ALL	95
Json.ns pos=28139 len=7	read	String	44
Json.ns pos=28139 len=7	read	ALL	44
Json.ns pos=28190 len=7	read	String	27
Json.ns pos=28190 len=7	read	ALL	27
Json.ns pos=28241 len=7	read	String	16
Json.ns pos=28241 len=7	read	ALL	16
Json.ns pos=29647 len=7	read	String	597
Json.ns pos=29647 len=7	read	ALL	597
Json.ns pos=29880 len=4	read	JsonLiteral	589
Json.ns pos=29880 len=4	read	ALL	589
Json.ns pos=30036 len=4	read	JsonLiteral	25
Json.ns pos=30036 len=4	read	ALL	25
Json.ns pos=30227 len=5	read	JsonLiteral	2
Json.ns pos=30227 len=5	read	ALL	2
Json.ns pos=30531 len=7	read	String	14834
Json.ns pos=30531 len=7	read	ALL	14834
Json.ns pos=30568 len=7	read	String	12885
Json.ns pos=30568 len=7	read	ALL	12885
Json.ns pos=31748 len=7	read	String	711
Json.ns pos=31748 len=7	read	ALL	711
Json.ns pos=32494 len=7	read	String	10115
Json.ns pos=32494 len=7	read	ALL	10115
Json.ns pos=32819 len=7	read	String	25820
Json.ns pos=32819 len=7	read	ALL	25820
Json.ns pos=32913 len=5	read	Integer	25820
Json.ns pos=32913 len=5	read	ALL	25820
Json.ns pos=32939 len=6	read	Integer	25820
Json.ns pos=32939 len=6	read	ALL	25820
Json.ns pos=32958 len=5	read	String	25820
Json.ns pos=32958 len=5	read	ALL	25820
Json.ns pos=33004 len=5	read	Integer	25820
Json.ns pos=33004 len=5	read	ALL	25820
Json.ns pos=33013 len=5	read	String	25820
Json.ns pos=33013 len=5	read	ALL	25820
Json.ns pos=33055 len=5	read	String	25819
Json.ns pos=33055 len=5	read	ALL	25819
Json.ns pos=33069 len=5	read	Integer	25819
Json.ns pos=33069 len=5	read	ALL	25819
Json.ns pos=33161 len=5	read	Integer	2660
Json.ns pos=33161 len=5	read	ALL	2660
Json.ns pos=33384 len=13	read	String	2660
Json.ns pos=33384 len=13	read	ALL	2660
Json.ns pos=33428 len=5	read	String	2660
Json.ns pos=33428 len=5	read	ALL	2660
Json.ns pos=33449 len=12	read	Integer	2660
Json.ns pos=33449 len=12	read	ALL	2660
Json.ns pos=33466 len=5	read	Integer	2660
Json.ns pos=33466 len=5	read	ALL	2660
Json.ns pos=34138 len=7	read	Nil	1
Json.ns pos=34138 len=7	read	String	8688
Json.ns pos=34138 len=7	read	ALL	8689
Json.ns pos=34177 len=7	read	Nil	1
Json.ns pos=34177 len=7	read	String	8688
Json.ns pos=34177 len=7	read	ALL	8689
Json.ns pos=34216 len=7	read	Nil	1
Json.ns pos=34216 len=7	read	String	8688
Json.ns pos=34216 len=7	read	ALL	8689
Json.ns pos=34255 len=7	read	Nil	1
Json.ns pos=34255 len=7	read	String	8688
Json.ns pos=34255 len=7	read	ALL	8689
Json.ns pos=34331 len=7	read	String	2542
Json.ns pos=34331 len=7	read	ALL	2542
Json.ns pos=34369 len=7	read	String	2441
Json.ns pos=34369 len=7	read	ALL	2441
Json.ns pos=34407 len=7	read	String	2145
Json.ns pos=34407 len=7	read	ALL	2145
Json.ns pos=34445 len=7	read	String	1746
Json.ns pos=34445 len=7	read	ALL	1746
Json.ns pos=34483 len=7	read	String	1596
Json.ns pos=34483 len=7	read	ALL	1596
Json.ns pos=34521 len=7	read	String	1524
Json.ns pos=34521 len=7	read	ALL	1524
Json.ns pos=34559 len=7	read	String	1115
Json.ns pos=34559 len=7	read	ALL	1115
Json.ns pos=34597 len=7	read	String	990
Json.ns pos=34597 len=7	read	ALL	990
Json.ns pos=34635 len=7	read	String	852
Json.ns pos=34635 len=7	read	ALL	852
Json.ns pos=34673 len=7	read	String	747
Json.ns pos=34673 len=7	read	ALL	747
Json.ns pos=34833 len=5	read	Array class	156
Json.ns pos=34833 len=5	read	ALL	156
Json.ns pos=34991 len=9	read	Array	597
Json.ns pos=34991 len=9	read	ALL	597
Json.ns pos=35497 len=9	read	Array	2
Json.ns pos=35497 len=9	read	ALL	2
Json.ns pos=37778 len=6	read	Vector class	552
Json.ns pos=37778 len=6	read	ALL	552
Json.ns pos=38229 len=6	read	Vector	2792
Json.ns pos=38229 len=6	read	ALL	2792
Json.ns pos=40714 len=6	read	Vector class	156
Json.ns pos=40714 len=6	read	ALL	156
Json.ns pos=40749 len=6	read	Vector class	156
Json.ns pos=40749 len=6	read	ALL	156
Json.ns pos=41285 len=5	read	Vector	597
Json.ns pos=41285 len=5	read	ALL	597
Json.ns pos=41312 len=6	read	Vector	597
Json.ns pos=41312 len=6	read	ALL	597
Json.ns pos=41345 len=5	read	HashIndexTable	597
Json.ns pos=41345 len=5	read	ALL	597
Json.ns pos=41365 len=5	read	Vector	597
Json.ns pos=41365 len=5	read	ALL	597
Json.ns pos=42531 len=6	read	Vector	2
Json.ns pos=42531 len=6	read	ALL	2
Json.ns pos=43888 len=5	read	HashIndexTable	2
Json.ns pos=43888 len=5	read	ALL	2
Json.ns pos=43934 len=5	read	Vector	2
Json.ns pos=43934 len=5	read	ALL	2
Kernel.ns pos=2326 len=10	read	Object class	3076
Kernel.ns pos=2326 len=10	read	ALL	3076
Kernel.ns pos=2363 len=9	read	Value class	14
Kernel.ns pos=2363 len=9	read	ALL	14
Kernel.ns pos=2744 len=8	read	VmMirror	108
Kernel.ns pos=2744 len=8	read	ALL	108
Kernel.ns pos=11416 len=8	read	VmMirror	21
Kernel.ns pos=11416 len=8	read	ALL	21
Kernel.ns pos=11474 len=8	read	VmMirror	7227
Kernel.ns pos=11474 len=8	read	ALL	7227
Kernel.ns pos=14411 len=8	read	VmMirror	35
Kernel.ns pos=14411 len=8	read	ALL	35
Kernel.ns pos=20253 len=8	read	VmMirror	751099
Kernel.ns pos=20253 len=8	read	ALL	751099
Kernel.ns pos=21625 len=8	read	VmMirror	2000
Kernel.ns pos=21625 len=8	read	ALL	2000
Kernel.ns pos=22269 len=7	read	Array	203805
Kernel.ns pos=22269 len=7	read	ALL	203805
Kernel.ns pos=22616 len=8	read	Integer	66900
Kernel.ns pos=22616 len=8	read	ALL	66900
Kernel.ns pos=22629 len=7	read	Integer	66900
Kernel.ns pos=22629 len=7	read	ALL	66900
Kernel.ns pos=22666 len=7	read	Array	588242
Kernel.ns pos=22666 len=7	read	ALL	588242
Kernel.ns pos=23332 len=7	read	Integer	65231
Kernel.ns pos=23332 len=7	read	ALL	65231
Kernel.ns pos=23342 len=7	read	Array	65231
Kernel.ns pos=23342 len=7	read	ALL	65231
Kernel.ns pos=23469 len=7	read	Array	7902
Kernel.ns pos=23469 len=7	read	ALL	7902
Kernel.ns pos=23491 len=7	read	Array	7902
Kernel.ns pos=23491 len=7	read	ALL	7902
Kernel.ns pos=23540 len=7	read	Array	48998
Kernel.ns pos=23540 len=7	read	ALL	48998
Kernel.ns pos=23598 len=7	read	Array	65231
Kernel.ns pos=23598 len=7	read	ALL	65231
Kernel.ns pos=23610 len=7	read	Integer	65231
Kernel.ns pos=23610 len=7	read	ALL	65231
Kernel.ns pos=23648 len=7	read	Integer	65231
Kernel.ns pos=23648 len=7	read	ALL	65231
Kernel.ns pos=25115 len=7	read	Integer	75499
Kernel.ns pos=25115 len=7	read	ALL	75499
Kernel.ns pos=25125 len=8	read	Integer	75499
Kernel.ns pos=25125 len=8	read	ALL	75499
Kernel.ns pos=25164 len=7	read	Integer	1098
Kernel.ns pos=25164 len=7	read	ALL	1098
Kernel.ns pos=25174 len=8	read	Integer	1098
Kernel.ns pos=25174 len=8	read	ALL	1098
Kernel.ns pos=25213 len=7	read	Array	999
Kernel.ns pos=25213 len=7	read	ALL	999
Kernel.ns pos=25426 len=8	read	Integer	203805
Kernel.ns pos=25426 len=8	read	ALL	203805
Kernel.ns pos=25457 len=7	read	Integer	203805
Kernel.ns pos=25457 len=7	read	ALL	203805
Kernel.ns pos=25666 len=8	read	Integer	30699
Kernel.ns pos=25666 len=8	read	ALL	30699
Kernel.ns pos=25688 len=7	read	Array	30699
Kernel.ns pos=25688 len=7	read	ALL	30699
Kernel.ns pos=25700 len=8	read	Integer	30699
Kernel.ns pos=25700 len=8	read	ALL	30699
Kernel.ns pos=28042 len=8	read	Integer	299
Kernel.ns pos=28042 len=8	read	ALL	299
Kernel.ns pos=28072 len=7	read	Integer	299
Kernel.ns pos=28072 len=7	read	ALL	299
Kernel.ns pos=28710 len=8	read	VmMirror	1999
Kernel.ns pos=28710 len=8	read	ALL	1999
LanguageFeatures.ns pos=1231 len=6	read	Kernel	18
LanguageFeatures.ns pos=1231 len=6	read	ALL	18
LanguageFeatures.ns pos=1282 len=6	read	Kernel	18
LanguageFeatures.ns pos=1282 len=6	read	ALL	18
LanguageFeatures.ns pos=1333 len=6	read	Kernel	18
LanguageFeatures.ns pos=1333 len=6	read	ALL	18
LanguageFeatures.ns pos=1385 len=6	read	Kernel	18
LanguageFeatures.ns pos=1385 len=6	read	ALL	18
LanguageFeatures.ns pos=1440 len=7	read	Mirrors	18
LanguageFeatures.ns pos=1440 len=7	read	ALL	18
LanguageFeatures.ns pos=3073 len=3	read	Integer	999999
LanguageFeatures.ns pos=3073 len=3	read	ALL	999999
LanguageFeatures.ns pos=3509 len=7	read	Integer	199999
LanguageFeatures.ns pos=3509 len=7	read	ALL	199999
LanguageFeatures.ns pos=3540 len=7	read	Integer	199999
LanguageFeatures.ns pos=3540 len=7	read	ALL	199999
LanguageFeatures.ns pos=3571 len=7	read	Integer	199999
LanguageFeatures.ns pos=3571 len=7	read	ALL	199999
LanguageFeatures.ns pos=3602 len=7	read	Integer	199999
LanguageFeatures.ns pos=3602 len=7	read	ALL	199999
LanguageFeatures.ns pos=3633 len=7	read	Integer	199999
LanguageFeatures.ns pos=3633 len=7	read	ALL	199999
LanguageFeatures.ns pos=3665 len=7	read	Integer	199999
LanguageFeatures.ns pos=3665 len=7	read	ALL	199999
LanguageFeatures.ns pos=3696 len=7	read	Integer	199999
LanguageFeatures.ns pos=3696 len=7	read	ALL	199999
LanguageFeatures.ns pos=3727 len=7	read	Integer	199999
LanguageFeatures.ns pos=3727 len=7	read	ALL	199999
LanguageFeatures.ns pos=3758 len=7	read	Integer	199999
LanguageFeatures.ns pos=3758 len=7	read	ALL	199999
LanguageFeatures.ns pos=3789 len=7	read	Integer	199999
LanguageFeatures.ns pos=3789 len=7	read	ALL	199999
LanguageFeatures.ns pos=3821 len=7	read	Integer	199999
LanguageFeatures.ns pos=3821 len=7	read	ALL	199999
LanguageFeatures.ns pos=3852 len=7	read	Integer	199999
LanguageFeatures.ns pos=3852 len=7	read	ALL	199999
LanguageFeatures.ns pos=3883 len=7	read	Integer	199999
LanguageFeatures.ns pos=3883 len=7	read	ALL	199999
LanguageFeatures.ns pos=3914 len=7	read	Integer	199999
LanguageFeatures.ns pos=3914 len=7	read	ALL	199999
LanguageFeatures.ns pos=3945 len=7	read	Integer	199999
LanguageFeatures.ns pos=3945 len=7	read	ALL	199999
LanguageFeatures.ns pos=3977 len=7	read	Integer	199999
LanguageFeatures.ns pos=3977 len=7	read	ALL	199999
LanguageFeatures.ns pos=4008 len=7	read	Integer	199999
LanguageFeatures.ns pos=4008 len=7	read	ALL	199999
LanguageFeatures.ns pos=4039 len=7	read	Integer	199999
LanguageFeatures.ns pos=4039 len=7	read	ALL	199999
LanguageFeatures.ns pos=4070 len=7	read	Integer	199999
LanguageFeatures.ns pos=4070 len=7	read	ALL	199999
LanguageFeatures.ns pos=4101 len=7	read	Integer	199999
LanguageFeatures.ns pos=4101 len=7	read	ALL	199999
LanguageFeatures.ns pos=4133 len=7	read	Integer	199999
LanguageFeatures.ns pos=4133 len=7	read	ALL	199999
LanguageFeatures.ns pos=4164 len=7	read	Integer	199999
LanguageFeatures.ns pos=4164 len=7	read	ALL	199999
LanguageFeatures.ns pos=4195 len=7	read	Integer	199999
LanguageFeatures.ns pos=4195 len=7	read	ALL	199999
LanguageFeatures.ns pos=4226 len=7	read	Integer	199999
LanguageFeatures.ns pos=4226 len=7	read	ALL	199999
LanguageFeatures.ns pos=4257 len=7	read	Integer	199999
LanguageFeatures.ns pos=4257 len=7	read	ALL	199999
LanguageFeatures.ns pos=4289 len=7	read	Integer	199999
LanguageFeatures.ns pos=4289 len=7	read	ALL	199999
LanguageFeatures.ns pos=4320 len=7	read	Integer	199999
LanguageFeatures.ns pos=4320 len=7	read	ALL	199999
LanguageFeatures.ns pos=4351 len=7	read	Integer	199999
LanguageFeatures.ns pos=4351 len=7	read	ALL	199999
LanguageFeatures.ns pos=4382 len=7	read	Integer	199999
LanguageFeatures.ns pos=4382 len=7	read	ALL	199999
LanguageFeatures.ns pos=4413 len=7	read	Integer	199999
LanguageFeatures.ns pos=4413 len=7	read	ALL	199999
LanguageFeatures.ns pos=4443 len=7	read	Integer	9
LanguageFeatures.ns pos=4443 len=7	read	ALL	9
LanguageFeatures.ns pos=4827 len=7	read	Integer	9
LanguageFeatures.ns pos=4827 len=7	read	ALL	9
LanguageFeatures.ns pos=4899 len=7	read	Integer	9
LanguageFeatures.ns pos=4899 len=7	read	ALL	9
LanguageFeatures.ns pos=6878 len=1	read	Integer	1999
LanguageFeatures.ns pos=6878 len=1	read	ALL	1999
LanguageFeatures.ns pos=9292 len=6	read	Vector class	199
LanguageFeatures.ns pos=9292 len=6	read	ALL	199
LanguageFeatures.ns pos=11194 len=12	read	ObjectMirror class	9
LanguageFeatures.ns pos=11194 len=12	read	ALL	9
LanguageFeatures.ns pos=14796 len=3	read	Integer	999
LanguageFeatures.ns pos=14796 len=3	read	ALL	999
List.ns pos=1943 len=4	read	Nil	124400
List.ns pos=1943 len=4	read	ListElement	1680599
List.ns pos=1943 len=4	read	ALL	1804999
List.ns pos=1973 len=4	read	Nil	210700
List.ns pos=1973 len=4	read	ListElement	1594299
List.ns pos=1973 len=4	read	ALL	1804999
List.ns pos=2164 len=4	read	ListElement	70199
List.ns pos=2164 len=4	read	ALL	70199
List.ns pos=2228 len=4	read	ListElement	70199
List.ns pos=2228 len=4	read	ALL	70199
List.ns pos=2292 len=4	read	ListElement	70199
List.ns pos=2292 len=4	read	ALL	70199
List.ns pos=2470 len=4	read	Nil	100
List.ns pos=2470 len=4	read	ListElement	899
List.ns pos=2470 len=4	read	ALL	999
List.ns pos=2515 len=4	read	ListElement	899
List.ns pos=2515 len=4	read	ALL	899
Mirrors.ns pos=3968 len=8	read	VmMirror	200021
Mirrors.ns pos=3968 len=8	read	ALL	200021
Mirrors.ns pos=3982 len=3	read	LanguageFeaturesSuite	19
Mirrors.ns pos=3982 len=3	read	DispatchPerformNoArg	200000
Mirrors.ns pos=3982 len=3	read	Sort	2
Mirrors.ns pos=3982 len=3	read	ALL	200021
NBody.ns pos=1237 len=2	read	Double	4
NBody.ns pos=1237 len=2	read	ALL	4
NBody.ns pos=1244 len=4	read	Double	4
NBody.ns pos=1244 len=4	read	ALL	4
NBody.ns pos=1272 len=2	read	Double	4
NBody.ns pos=1272 len=2	read	ALL	4
NBody.ns pos=1279 len=4	read	Double	4
NBody.ns pos=1279 len=4	read	ALL	4
NBody.ns pos=1307 len=2	read	Double	4
NBody.ns pos=1307 len=2	read	ALL	4
NBody.ns pos=1314 len=4	read	Double	4
NBody.ns pos=1314 len=4	read	ALL	4
NBody.ns pos=1499 len=6	read	Array	249999
NBody.ns pos=1499 len=6	read	ALL	249999
NBody.ns pos=1555 len=6	read	Array	1249999
NBody.ns pos=1555 len=6	read	ALL	1249999
NBody.ns pos=1588 len=6	read	Array	1249999
NBody.ns pos=1588 len=6	read	ALL	1249999
NBody.ns pos=1679 len=6	read	Array	2499999
NBody.ns pos=1679 len=6	read	ALL	2499999
NBody.ns pos=1714 len=1	read	Double	2499999
NBody.ns pos=1714 len=1	read	ALL	2499999
NBody.ns pos=1724 len=1	read	Double	2499999
NBody.ns pos=1724 len=1	read	ALL	2499999
NBody.ns pos=1748 len=1	read	Double	2499999
NBody.ns pos=1748 len=1	read	ALL	2499999
NBody.ns pos=1758 len=1	read	Double	2499999
NBody.ns pos=1758 len=1	read	ALL	2499999
NBody.ns pos=1782 len=1	read	Double	2499999
NBody.ns pos=1782 len=1	read	ALL	2499999
NBody.ns pos=1792 len=1	read	Double	2499999
NBody.ns pos=1792 len=1	read	ALL	2499999
NBody.ns pos=1965 len=2	read	Double	2499999
NBody.ns pos=1965 len=2	read	ALL	2499999
NBody.ns pos=1982 len=4	read	Double	2499999
NBody.ns pos=1982 len=4	read	ALL	2499999
NBody.ns pos=2021 len=2	read	Double	2499999
NBody.ns pos=2021 len=2	read	ALL	2499999
NBody.ns pos=2038 len=4	read	Double	2499999
NBody.ns pos=2038 len=4	read	ALL	2499999
NBody.ns pos=2077 len=2	read	Double	2499999
NBody.ns pos=2077 len=2	read	ALL	2499999
NBody.ns pos=2094 len=4	read	Double	2499999
NBody.ns pos=2094 len=4	read	ALL	2499999
NBody.ns pos=2134 len=2	read	Double	2499999
NBody.ns pos=2134 len=2	read	ALL	2499999
NBody.ns pos=2151 len=4	read	Double	2499999
NBody.ns pos=2151 len=4	read	ALL	2499999
NBody.ns pos=2190 len=2	read	Double	2499999
NBody.ns pos=2190 len=2	read	ALL	2499999
NBody.ns pos=2207 len=4	read	Double	2499999
NBody.ns pos=2207 len=4	read	ALL	2499999
NBody.ns pos=2246 len=2	read	Double	2499999
NBody.ns pos=2246 len=2	read	ALL	2499999
NBody.ns pos=2263 len=4	read	Double	2499999
NBody.ns pos=2263 len=4	read	ALL	2499999
NBody.ns pos=2303 len=6	read	Array	249999
NBody.ns pos=2303 len=6	read	ALL	249999
NBody.ns pos=2344 len=1	read	Double	1249999
NBody.ns pos=2344 len=1	read	ALL	1249999
NBody.ns pos=2359 len=2	read	Double	1249999
NBody.ns pos=2359 len=2	read	ALL	1249999
NBody.ns pos=2385 len=1	read	Double	1249999
NBody.ns pos=2385 len=1	read	ALL	1249999
NBody.ns pos=2400 len=2	read	Double	1249999
NBody.ns pos=2400 len=2	read	ALL	1249999
NBody.ns pos=2426 len=1	read	Double	1249999
NBody.ns pos=2426 len=1	read	ALL	1249999
NBody.ns pos=2441 len=2	read	Double	1249999
NBody.ns pos=2441 len=2	read	ALL	1249999
NBody.ns pos=2598 len=6	read	Array	4
NBody.ns pos=2598 len=6	read	ALL	4
NBody.ns pos=2642 len=4	read	Double	4
NBody.ns pos=2642 len=4	read	ALL	4
NBody.ns pos=2670 len=2	read	Double	4
NBody.ns pos=2670 len=2	read	ALL	4
NBody.ns pos=2681 len=2	read	Double	4
NBody.ns pos=2681 len=2	read	ALL	4
NBody.ns pos=2708 len=2	read	Double	4
NBody.ns pos=2708 len=2	read	ALL	4
NBody.ns pos=2719 len=2	read	Double	4
NBody.ns pos=2719 len=2	read	ALL	4
NBody.ns pos=2746 len=2	read	Double	4
NBody.ns pos=2746 len=2	read	ALL	4
NBody.ns pos=2757 len=2	read	Double	4
NBody.ns pos=2757 len=2	read	ALL	4
NBody.ns pos=2783 len=6	read	Array	4
NBody.ns pos=2783 len=6	read	ALL	4
NBody.ns pos=2843 len=6	read	Array	9
NBody.ns pos=2843 len=6	read	ALL	9
NBody.ns pos=2879 len=1	read	Double	9
NBody.ns pos=2879 len=1	read	ALL	9
NBody.ns pos=2889 len=1	read	Double	9
NBody.ns pos=2889 len=1	read	ALL	9
NBody.ns pos=2913 len=1	read	Double	9
NBody.ns pos=2913 len=1	read	ALL	9
NBody.ns pos=2923 len=1	read	Double	9
NBody.ns pos=2923 len=1	read	ALL	9
NBody.ns pos=2947 len=1	read	Double	9
NBody.ns pos=2947 len=1	read	ALL	9
NBody.ns pos=2957 len=1	read	Double	9
NBody.ns pos=2957 len=1	read	ALL	9
NBody.ns pos=3044 len=4	read	Double	9
NBody.ns pos=3044 len=4	read	ALL	9
NBody.ns pos=3057 len=4	read	Double	9
NBody.ns pos=3057 len=4	read	ALL	9
Permute.ns pos=1327 len=5	read	Array class	99
Permute.ns pos=1327 len=5	read	ALL	99
Permute.ns pos=1372 len=5	read	Integer	99
Permute.ns pos=1372 len=5	read	ALL	99
Permute.ns pos=1495 len=5	read	Integer	865999
Permute.ns pos=1495 len=5	read	ALL	865999
Permute.ns pos=1768 len=1	read	Array	1007799
Permute.ns pos=1768 len=1	read	ALL	1007799
Permute.ns pos=1785 len=1	read	Array	1007799
Permute.ns pos=1785 len=1	read	ALL	1007799
Permute.ns pos=1799 len=1	read	Array	1007799
Permute.ns pos=1799 len=1	read	ALL	1007799
Permute.ns pos=1817 len=1	read	Array	1007799
Permute.ns pos=1817 len=1	read	ALL	1007799
Queens.ns pos=1525 len=5	read	Array class	999
Queens.ns pos=1525 len=5	read	ALL	999
Queens.ns pos=1572 len=5	read	Array class	999
Queens.ns pos=1572 len=5	read	ALL	999
Queens.ns pos=1619 len=5	read	Array class	999
Queens.ns pos=1619 len=5	read	ALL	999
Queens.ns pos=1666 len=5	read	Array class	999
Queens.ns pos=1666 len=5	read	ALL	999
Queens.ns pos=1838 len=9	read	Array	112999
Queens.ns pos=1838 len=9	read	ALL	112999
Queens.ns pos=2105 len=8	read	Array	875999
Queens.ns pos=2105 len=8	read	ALL	875999
Queens.ns pos=2125 len=8	read	Array	875999
Queens.ns pos=2125 len=8	read	ALL	875999
Queens.ns pos=2149 len=8	read	Array	875999
Queens.ns pos=2149 len=8	read	ALL	875999
Queens.ns pos=2218 len=8	read	Array	217999
Queens.ns pos=2218 len=8	read	ALL	217999
Queens.ns pos=2255 len=8	read	Array	217999
Queens.ns pos=2255 len=8	read	ALL	217999
Queens.ns pos=2292 len=8	read	Array	217999
Queens.ns pos=2292 len=8	read	ALL	217999
Richards.ns pos=1210 len=6	read	Nil	27883
Richards.ns pos=1210 len=6	read	ALL	27883
Richards.ns pos=1255 len=6	read	Nil	18587
Richards.ns pos=1255 len=6	read	ALL	18587
Richards.ns pos=1286 len=7	read	Nil	9294
Richards.ns pos=1286 len=7	read	Packet	9293
Richards.ns pos=1286 len=7	read	ALL	18587
Richards.ns pos=1387 len=6	read	Nil	9293
Richards.ns pos=1387 len=6	read	ALL	9293
Richards.ns pos=1524 len=7	read	False	9295
Richards.ns pos=1524 len=7	read	ALL	9295
Richards.ns pos=2012 len=6	read	Nil	23251
Richards.ns pos=2012 len=6	read	ALL	23251
Richards.ns pos=2053 len=14	read	Integer	11626
Richards.ns pos=2053 len=14	read	ALL	11626
Richards.ns pos=2075 len=4	read	Integer	11626
Richards.ns pos=2075 len=4	read	ALL	11626
Richards.ns pos=2200 len=6	read	Nil	23251
Richards.ns pos=2200 len=6	read	ALL	23251
Richards.ns pos=2229 len=6	read	Nil	2941
Richards.ns pos=2229 len=6	read	Packet	20310
Richards.ns pos=2229 len=6	read	ALL	23251
Richards.ns pos=2362 len=5	read	Integer	20309
Richards.ns pos=2362 len=5	read	ALL	20309
Richards.ns pos=2470 len=4	read	Nil	1497
Richards.ns pos=2470 len=4	read	Packet	827
Richards.ns pos=2470 len=4	read	ALL	2324
Richards.ns pos=2617 len=6	read	Nil	17984
Richards.ns pos=2617 len=6	read	ALL	17984
Richards.ns pos=2648 len=8	read	Nil	8685
Richards.ns pos=2648 len=8	read	Packet	9299
Richards.ns pos=2648 len=8	read	ALL	17984
Richards.ns pos=2791 len=4	read	Nil	8487
Richards.ns pos=2791 len=4	read	Packet	812
Richards.ns pos=2791 len=4	read	ALL	9299
Richards.ns pos=2854 len=4	read	Array	9299
Richards.ns pos=2854 len=4	read	ALL	9299
Richards.ns pos=3385 len=5	read	Integer	9999
Richards.ns pos=3385 len=5	read	ALL	9999
Richards.ns pos=3418 len=5	read	Integer	9999
Richards.ns pos=3418 len=5	read	ALL	9999
Richards.ns pos=3519 len=7	read	Integer	9998
Richards.ns pos=3519 len=7	read	ALL	9998
Richards.ns pos=3601 len=7	read	Integer	5006
Richards.ns pos=3601 len=7	read	ALL	5006
Richards.ns pos=3649 len=7	read	Integer	5006
Richards.ns pos=3649 len=7	read	ALL	5006
Richards.ns pos=3730 len=7	read	Integer	4991
Richards.ns pos=3730 len=7	read	ALL	4991
Richards.ns pos=3793 len=7	read	Integer	4991
Richards.ns pos=3793 len=7	read	ALL	4991
Richards.ns pos=4155 len=8	read	TaskControlBlock	5
Richards.ns pos=4155 len=8	read	ALL	5
Richards.ns pos=4508 len=9	read	Array	5
Richards.ns pos=4508 len=9	read	ALL	5
Richards.ns pos=4896 len=6	read	Nil	4653
Richards.ns pos=4896 len=6	read	ALL	4653
Richards.ns pos=5011 len=8	read	Integer	2326
Richards.ns pos=5011 len=8	read	ALL	2326
Richards.ns pos=5027 len=11	read	Integer	2326
Richards.ns pos=5027 len=11	read	ALL	2326
Richards.ns pos=5087 len=8	read	Integer	1163
Richards.ns pos=5087 len=8	read	ALL	1163
Richards.ns pos=5145 len=8	read	Integer	1162
Richards.ns pos=5145 len=8	read	ALL	1162
Richards.ns pos=5194 len=11	read	Integer	2326
Richards.ns pos=5194 len=11	read	ALL	2326
Richards.ns pos=5310 len=5	read	Integer	9307
Richards.ns pos=5310 len=5	read	ALL	9307
Richards.ns pos=5345 len=5	read	Integer	9307
Richards.ns pos=5345 len=5	read	ALL	9307
Richards.ns pos=5449 len=4	read	Array	9307
Richards.ns pos=5449 len=4	read	ALL	9307
Richards.ns pos=5475 len=5	read	Integer	9307
Richards.ns pos=5475 len=5	read	ALL	9307
Richards.ns pos=7706 len=9	read	Array	33244
Richards.ns pos=7706 len=9	read	ALL	33244
Richards.ns pos=7736 len=6	read	Nil	33244
Richards.ns pos=7736 len=6	read	ALL	33244
Richards.ns pos=7841 len=9	read	Integer	9296
Richards.ns pos=7841 len=9	read	ALL	9296
Richards.ns pos=7862 len=11	read	TaskControlBlock	9296
Richards.ns pos=7862 len=11	read	ALL	9296
Richards.ns pos=7901 len=11	read	TaskControlBlock	9296
Richards.ns pos=7901 len=11	read	ALL	9296
Richards.ns pos=7913 len=4	read	Nil	1
Richards.ns pos=7913 len=4	read	TaskControlBlock	9295
Richards.ns pos=7913 len=4	read	ALL	9296
Richards.ns pos=8212 len=8	read	Integer	23245
Richards.ns pos=8212 len=8	read	ALL	23245
Richards.ns pos=8228 len=6	read	Nil	23245
Richards.ns pos=8228 len=6	read	ALL	23245
Richards.ns pos=8287 len=16	read	Integer	23245
Richards.ns pos=8287 len=16	read	ALL	23245
Richards.ns pos=8328 len=6	read	Nil	23245
Richards.ns pos=8328 len=6	read	ALL	23245
Richards.ns pos=8359 len=19	read	Integer	23245
Richards.ns pos=8359 len=19	read	ALL	23245
Richards.ns pos=8422 len=11	read	TaskControlBlock	23245
Richards.ns pos=8422 len=11	read	ALL	23245
Richards.ns pos=8520 len=6	read	Nil	9998
Richards.ns pos=8520 len=6	read	ALL	9998
Richards.ns pos=8590 len=8	read	Integer	9998
Richards.ns pos=8590 len=8	read	ALL	9998
Richards.ns pos=8601 len=11	read	TaskControlBlock	9998
Richards.ns pos=8601 len=11	read	ALL	9998
Richards.ns pos=8613 len=8	read	Integer	9998
Richards.ns pos=8613 len=8	read	ALL	9998
Richards.ns pos=8875 len=11	read	TaskControlBlock	23247
Richards.ns pos=8875 len=11	read	ALL	23247
Richards.ns pos=8914 len=11	read	TaskControlBlock	23247
Richards.ns pos=8914 len=11	read	ALL	23247
Richards.ns pos=8988 len=6	read	Nil	106604
Richards.ns pos=8988 len=6	read	ALL	106604
Richards.ns pos=8998 len=11	read	Nil	1
Richards.ns pos=8998 len=11	read	TaskControlBlock	106603
Richards.ns pos=8998 len=11	read	ALL	106604
Richards.ns pos=9034 len=11	read	TaskControlBlock	106603
Richards.ns pos=9034 len=11	read	ALL	106603
Richards.ns pos=9104 len=11	read	TaskControlBlock	40813
Richards.ns pos=9104 len=11	read	ALL	40813
Richards.ns pos=9116 len=4	read	TaskControlBlock	40813
Richards.ns pos=9116 len=4	read	ALL	40813
Richards.ns pos=9178 len=11	read	TaskControlBlock	65789
Richards.ns pos=9178 len=11	read	ALL	65789
Richards.ns pos=9190 len=8	read	Integer	65789
Richards.ns pos=9190 len=8	read	ALL	65789
Richards.ns pos=9212 len=7	read	False	65789
Richards.ns pos=9212 len=7	read	ALL	65789
Richards.ns pos=9291 len=11	read	TaskControlBlock	65789
Richards.ns pos=9291 len=11	read	ALL	65789
Richards.ns pos=9441 len=6	read	Nil	20113
Richards.ns pos=9441 len=6	read	ALL	20113
Richards.ns pos=9455 len=6	read	Nil	20113
Richards.ns pos=9455 len=6	read	ALL	20113
Richards.ns pos=9530 len=6	read	Nil	10466
Richards.ns pos=9530 len=6	read	ALL	10466
Richards.ns pos=9554 len=4	read	Nil	10126
Richards.ns pos=9554 len=4	read	Packet	340
Richards.ns pos=9554 len=4	read	ALL	10466
Richards.ns pos=9833 len=6	read	Nil	1
Richards.ns pos=9833 len=6	read	ALL	1
Richards.ns pos=9926 len=6	read	Nil	1
Richards.ns pos=9926 len=6	read	ALL	1
Richards.ns pos=9960 len=6	read	Nil	1
Richards.ns pos=9960 len=6	read	ALL	1
Richards.ns pos=10053 len=8	read	Nil	8486
Richards.ns pos=10053 len=8	read	Packet	813
Richards.ns pos=10053 len=8	read	ALL	9299
Richards.ns pos=10143 len=6	read	Nil	1499
Richards.ns pos=10143 len=6	read	Packet	827
Richards.ns pos=10143 len=6	read	ALL	2326
Richards.ns pos=10605 len=5	read	Array class	7
Richards.ns pos=10605 len=5	read	ALL	7
Richards.ns pos=10989 len=14	read	False	2
Richards.ns pos=10989 len=14	read	True	3
Richards.ns pos=10989 len=14	read	ALL	5
Richards.ns pos=11039 len=12	read	False	5
Richards.ns pos=11039 len=12	read	ALL	5
Richards.ns pos=11087 len=12	read	True	5
Richards.ns pos=11087 len=12	read	ALL	5
Richards.ns pos=11864 len=12	read	False	101042
Richards.ns pos=11864 len=12	read	True	5561
Richards.ns pos=11864 len=12	read	ALL	106603
Richards.ns pos=11882 len=14	read	False	59879
Richards.ns pos=11882 len=14	read	True	41163
Richards.ns pos=11882 len=14	read	ALL	101042
Richards.ns pos=11907 len=12	read	False	24627
Richards.ns pos=11907 len=12	read	True	35252
Richards.ns pos=11907 len=12	read	ALL	59879
Richards.ns pos=12050 len=14	read	False	24627
Richards.ns pos=12050 len=14	read	True	41162
Richards.ns pos=12050 len=14	read	ALL	65789
Richards.ns pos=12071 len=12	read	False	17913
Richards.ns pos=12071 len=12	read	True	23249
Richards.ns pos=12071 len=12	read	ALL	41162
Richards.ns pos=12090 len=12	read	False	23249
Richards.ns pos=12090 len=12	read	ALL	23249
Richards.ns pos=12970 len=6	read	Nil	23245
Richards.ns pos=12970 len=6	read	ALL	23245
Richards.ns pos=12980 len=5	read	Nil	14758
Richards.ns pos=12980 len=5	read	Packet	8487
Richards.ns pos=12980 len=5	read	ALL	23245
Richards.ns pos=13076 len=8	read	Integer	14758
Richards.ns pos=13076 len=8	read	ALL	14758
Richards.ns pos=13095 len=8	read	Integer	14758
Richards.ns pos=13095 len=8	read	ALL	14758
Richards.ns pos=13184 len=5	read	Packet	8486
Richards.ns pos=13184 len=5	read	ALL	8486
Richards.ns pos=13325 len=5	read	Packet	23249
Richards.ns pos=13325 len=5	read	ALL	23249
Richards.ns pos=13358 len=4	read	Nil	14760
Richards.ns pos=13358 len=4	read	Packet	8489
Richards.ns pos=13358 len=4	read	ALL	23249
Richards.ns pos=13374 len=6	read	Nil	23249
Richards.ns pos=13374 len=6	read	ALL	23249
Richards.ns pos=13384 len=5	read	Nil	14760
Richards.ns pos=13384 len=5	read	Packet	8489
Richards.ns pos=13384 len=5	read	ALL	23249
Richards.ns pos=13512 len=6	read	Nil	42539
Richards.ns pos=13512 len=6	read	ALL	42539
Richards.ns pos=13531 len=8	read	Block	65789
Richards.ns pos=13531 len=8	read	ALL	65789
Richards.ns pos=13561 len=6	read	DeviceTaskDataRecord	27884
Richards.ns pos=13561 len=6	read	HandlerTaskDataRecord	23251
Richards.ns pos=13561 len=6	read	IdleTaskDataRecord	10000
Richards.ns pos=13561 len=6	read	WorkerTaskDataRecord	4654
Richards.ns pos=13561 len=6	read	ALL	65789
Sieve.ns pos=1303 len=5	read	Array class	99
Sieve.ns pos=1303 len=5	read	ALL	99
Sort.ns pos=1240 len=6	read	Kernel	2
Sort.ns pos=1240 len=6	read	ALL	2
Sort.ns pos=1274 len=9	read	Benchmark class	2
Sort.ns pos=1274 len=9	read	ALL	2
Sort.ns pos=1408 len=6	read	Random class	300
Sort.ns pos=1408 len=6	read	ALL	300
Sort.ns pos=1610 len=8	read	Integer	298
Sort.ns pos=1610 len=8	read	ALL	298
Sort.ns pos=1664 len=7	read	Integer	298
Sort.ns pos=1664 len=7	read	ALL	298
Sort.ns pos=2237 len=5	read	Array class	299
Sort.ns pos=2237 len=5	read	ALL	299
Sort.ns pos=2367 len=7	read	Integer	472997
Sort.ns pos=2367 len=7	read	ALL	472997
Sort.ns pos=2424 len=8	read	Integer	472997
Sort.ns pos=2424 len=8	read	ALL	472997
Sort.ns pos=4075 len=4	read	Nil	50200
Sort.ns pos=4075 len=4	read	TreeNode	49799
Sort.ns pos=4075 len=4	read	ALL	99999
Sort.ns pos=4093 len=4	read	TreeNode	49799
Sort.ns pos=4093 len=4	read	ALL	49799
Sort.ns pos=4099 len=5	read	Integer	49799
Sort.ns pos=4099 len=5	read	ALL	49799
Sort.ns pos=4108 len=5	read	Integer	49799
Sort.ns pos=4108 len=5	read	ALL	49799
Sort.ns pos=4118 len=4	read	TreeNode	49799
Sort.ns pos=4118 len=4	read	ALL	49799
Sort.ns pos=4144 len=5	read	Nil	49900
Sort.ns pos=4144 len=5	read	TreeNode	50099
Sort.ns pos=4144 len=5	read	ALL	99999
Sort.ns pos=4162 len=5	read	TreeNode	50099
Sort.ns pos=4162 len=5	read	ALL	50099
Sort.ns pos=4168 len=5	read	Integer	50099
Sort.ns pos=4168 len=5	read	ALL	50099
Sort.ns pos=4177 len=5	read	Integer	50099
Sort.ns pos=4177 len=5	read	ALL	50099
Sort.ns pos=4187 len=5	read	TreeNode	50099
Sort.ns pos=4187 len=5	read	ALL	50099
Sort.ns pos=4245 len=5	read	Integer	1115899
Sort.ns pos=4245 len=5	read	ALL	1115899
Sort.ns pos=4280 len=4	read	Nil	49799
Sort.ns pos=4280 len=4	read	TreeNode	447300
Sort.ns pos=4280 len=4	read	ALL	497099
Sort.ns pos=4362 len=4	read	TreeNode	447299
Sort.ns pos=4362 len=4	read	ALL	447299
Sort.ns pos=4410 len=5	read	Nil	50099
Sort.ns pos=4410 len=5	read	TreeNode	568700
Sort.ns pos=4410 len=5	read	ALL	618799
Sort.ns pos=4494 len=5	read	TreeNode	568699
Sort.ns pos=4494 len=5	read	ALL	568699
Storage.ns pos=1363 len=6	read	Random class	99
Storage.ns pos=1363 len=6	read	ALL	99
Storage.ns pos=1443 len=5	read	Integer	99
Storage.ns pos=1443 len=5	read	ALL	99
Storage.ns pos=1590 len=5	read	Integer	546099
Storage.ns pos=1590 len=5	read	ALL	546099
Storage.ns pos=1641 len=5	read	Array class	409599
Storage.ns pos=1641 len=5	read	ALL	409599
Storage.ns pos=1710 len=5	read	Array class	136499
Storage.ns pos=1710 len=5	read	ALL	136499
System.ns pos=1604 len=8	read	VmMirror	36
System.ns pos=1604 len=8	read	ALL	36
Towers.ns pos=1369 len=5	read	Array	820499
Towers.ns pos=1369 len=5	read	ALL	820499
Towers.ns pos=1412 len=4	read	Integer	807699
Towers.ns pos=1412 len=4	read	ALL	807699
Towers.ns pos=1424 len=4	read	Integer	807699
Towers.ns pos=1424 len=4	read	ALL	807699
Towers.ns pos=1534 len=5	read	Array	820499
Towers.ns pos=1534 len=5	read	ALL	820499
Towers.ns pos=1628 len=5	read	Array	819099
Towers.ns pos=1628 len=5	read	ALL	819099
Towers.ns pos=1759 len=5	read	Array	819099
Towers.ns pos=1759 len=5	read	ALL	819099
Towers.ns pos=1783 len=4	read	Nil	12600
Towers.ns pos=1783 len=4	read	TowersDisk	806499
Towers.ns pos=1783 len=4	read	ALL	819099
Towers.ns pos=1966 len=9	read	Integer	819099
Towers.ns pos=1966 len=9	read	ALL	819099
Towers.ns pos=2580 len=5	read	Array class	99
Towers.ns pos=2580 len=5	read	ALL	99
Towers.ns pos=2701 len=9	read	Integer	99
Towers.ns pos=2701 len=9	read	ALL	99
AllSmall.ns pos=4327 len=10	write	ALL	35
AllSmall.ns pos=4347 len=21	write	ALL	35
AllSmall.ns pos=4378 len=22	write	ALL	35
AllSmall.ns pos=4410 len=15	write	ALL	35
AllSmall.ns pos=4855 len=66	write	ALL	35
Bounce.ns pos=2017 len=12	write	ALL	499999
Bounce.ns pos=2037 len=12	write	ALL	499999
Bounce.ns pos=2086 len=10	write	ALL	35799
Bounce.ns pos=2098 len=19	write	ALL	35799
Bounce.ns pos=2167 len=5	write	ALL	35399
Bounce.ns pos=2179 len=15	write	ALL	35399
Bounce.ns pos=2253 len=10	write	ALL	35499
Bounce.ns pos=2265 len=19	write	ALL	35499
Bounce.ns pos=2334 len=5	write	ALL	35899
Bounce.ns pos=2346 len=15	write	ALL	35899
Collections.ns pos=5307 len=17	write	ALL	13
Collections.ns pos=5885 len=17	write	ALL	1
Collections.ns pos=5922 len=45	write	ALL	1
DeltaBlue.ns pos=5943 len=10	write	ALL	6699
DeltaBlue.ns pos=7980 len=15	write	ALL	3999
DeltaBlue.ns pos=8771 len=29	write	ALL	7399
DeltaBlue.ns pos=9138 len=17	write	ALL	499
DeltaBlue.ns pos=9167 len=38	write	ALL	499
DeltaBlue.ns pos=9217 len=10	write	ALL	499
DeltaBlue.ns pos=10412 len=8	write	ALL	9999
DeltaBlue.ns pos=18684 len=10	write	ALL	14599
DeltaBlue.ns pos=18848 len=18	write	ALL	13099
DeltaBlue.ns pos=19036 len=10	write	ALL	13099
DeltaBlue.ns pos=20163 len=15	write	ALL	1999
DeltaBlue.ns pos=20777 len=20	write	ALL	2198
DeltaBlue.ns pos=20998 len=21	write	ALL	4198
DeltaBlue.ns pos=21437 len=20	write	ALL	5998
DeltaBlue.ns pos=21932 len=15	write	ALL	6398
DeltaBlue.ns pos=22461 len=49	write	ALL	9999
DeltaBlue.ns pos=22522 len=13	write	ALL	9999
DeltaBlue.ns pos=23546 len=15	write	ALL	203999
DeltaBlue.ns pos=23586 len=15	write	ALL	3999
DeltaBlue.ns pos=24504 len=15	write	ALL	1999
DeltaBlue.ns pos=25038 len=46	write	ALL	47299
DeltaBlue.ns pos=25109 len=46	write	ALL	1099
DeltaBlue.ns pos=25872 len=49	write	ALL	10599
DeltaBlue.ns pos=25933 len=52	write	ALL	10599
DeltaBlue.ns pos=26822 len=17	write	ALL	3098
DeltaBlue.ns pos=27000 len=17	write	ALL	999
DeltaBlue.ns pos=27145 len=96	write	ALL	3698
DeltaBlue.ns pos=27539 len=17	write	ALL	1298
DeltaBlue.ns pos=27796 len=22	write	ALL	2899
DeltaBlue.ns pos=27833 len=22	write	ALL	2899
DeltaBlue.ns pos=29907 len=18	write	ALL	499
DeltaBlue.ns pos=30012 len=13	write	ALL	4199
Fannkuch.ns pos=2954 len=12	write	ALL	3
GCBench.ns pos=3228 len=41	write	ALL	4
GCBench.ns pos=3277 len=41	write	ALL	4
GCBench.ns pos=3326 len=37	write	ALL	4
GCBench.ns pos=3371 len=37	write	ALL	4
GCBench.ns pos=3416 len=37	write	ALL	4
GCBench.ns pos=5250 len=17	write	ALL	20744
GCBench.ns pos=5282 len=18	write	ALL	20744
Harness.ns pos=2159 len=38	write	ALL	642599
Harness.ns pos=5524 len=23	write	ALL	1275
Json.ns pos=32905 len=17	write	ALL	25820
Json.ns pos=32930 len=19	write	ALL	25820
Json.ns pos=33045 len=29	write	ALL	25819
Json.ns pos=33146 len=20	write	ALL	2660
Json.ns pos=33600 len=17	write	ALL	2660
Kernel.ns pos=23566 len=20	write	ALL	7902
Kernel.ns pos=23638 len=21	write	ALL	65231
Kernel.ns pos=24341 len=18	write	ALL	999
Kernel.ns pos=24367 len=17	write	ALL	999
Kernel.ns pos=24392 len=12	write	ALL	999
Kernel.ns pos=25655 len=23	write	ALL	30699
LanguageFeatures.ns pos=3400 len=11	write	ALL	9
LanguageFeatures.ns pos=3499 len=21	write	ALL	199999
LanguageFeatures.ns pos=3530 len=21	write	ALL	199999
LanguageFeatures.ns pos=3561 len=21	write	ALL	199999
LanguageFeatures.ns pos=3592 len=21	write	ALL	199999
LanguageFeatures.ns pos=3623 len=21	write	ALL	199999
LanguageFeatures.ns pos=3655 len=21	write	ALL	199999
LanguageFeatures.ns pos=3686 len=21	write	ALL	199999
LanguageFeatures.ns pos=3717 len=21	write	ALL	199999
LanguageFeatures.ns pos=3748 len=21	write	ALL	199999
LanguageFeatures.ns pos=3779 len=21	write	ALL	199999
LanguageFeatures.ns pos=3811 len=21	write	ALL	199999
LanguageFeatures.ns pos=3842 len=21	write	ALL	199999
LanguageFeatures.ns pos=3873 len=21	write	ALL	199999
LanguageFeatures.ns pos=3904 len=21	write	ALL	199999
LanguageFeatures.ns pos=3935 len=21	write	ALL	199999
LanguageFeatures.ns pos=3967 len=21	write	ALL	199999
LanguageFeatures.ns pos=3998 len=21	write	ALL	199999
LanguageFeatures.ns pos=4029 len=21	write	ALL	199999
LanguageFeatures.ns pos=4060 len=21	write	ALL	199999
LanguageFeatures.ns pos=4091 len=21	write	ALL	199999
LanguageFeatures.ns pos=4123 len=21	write	ALL	199999
LanguageFeatures.ns pos=4154 len=21	write	ALL	199999
LanguageFeatures.ns pos=4185 len=21	write	ALL	199999
LanguageFeatures.ns pos=4216 len=21	write	ALL	199999
LanguageFeatures.ns pos=4247 len=21	write	ALL	199999
LanguageFeatures.ns pos=4279 len=21	write	ALL	199999
LanguageFeatures.ns pos=4310 len=21	write	ALL	199999
LanguageFeatures.ns pos=4341 len=21	write	ALL	199999
LanguageFeatures.ns pos=4372 len=21	write	ALL	199999
LanguageFeatures.ns pos=4403 len=21	write	ALL	199999
LanguageFeatures.ns pos=4794 len=14	write	ALL	199999
LanguageFeatures.ns pos=14790 len=13	write	ALL	999
List.ns pos=1685 len=35	write	ALL	3085
NBody.ns pos=1955 len=38	write	ALL	2499999
NBody.ns pos=2011 len=38	write	ALL	2499999
NBody.ns pos=2067 len=38	write	ALL	2499999
NBody.ns pos=2124 len=38	write	ALL	2499999
NBody.ns pos=2180 len=38	write	ALL	2499999
NBody.ns pos=2236 len=38	write	ALL	2499999
NBody.ns pos=2336 len=26	write	ALL	1249999
NBody.ns pos=2377 len=26	write	ALL	1249999
NBody.ns pos=2418 len=26	write	ALL	1249999
Permute.ns pos=1302 len=9	write	ALL	99
Permute.ns pos=1319 len=20	write	ALL	99
Permute.ns pos=1487 len=17	write	ALL	865999
Queens.ns pos=1513 len=39	write	ALL	999
Queens.ns pos=1560 len=39	write	ALL	999
Queens.ns pos=1607 len=39	write	ALL	999
Queens.ns pos=1654 len=37	write	ALL	999
Richards.ns pos=1378 len=15	write	ALL	9293
Richards.ns pos=1487 len=21	write	ALL	9295
Richards.ns pos=2451 len=23	write	ALL	2324
Richards.ns pos=2768 len=27	write	ALL	9299
Richards.ns pos=2835 len=34	write	ALL	9299
Richards.ns pos=2907 len=16	write	ALL	9299
Richards.ns pos=3373 len=21	write	ALL	9999
Richards.ns pos=3587 len=25	write	ALL	5006
Richards.ns pos=3715 len=41	write	ALL	4991
Richards.ns pos=4488 len=12	write	ALL	5
Richards.ns pos=4997 len=158	write	ALL	2326
Richards.ns pos=5179 len=26	write	ALL	2326
Richards.ns pos=5229 len=8	write	ALL	2326
Richards.ns pos=5298 len=21	write	ALL	9307
Richards.ns pos=5370 len=8	write	ALL	356
Richards.ns pos=7829 len=25	write	ALL	9296
Richards.ns pos=8268 len=39	write	ALL	23245
Richards.ns pos=8322 len=12	write	ALL	23245
Richards.ns pos=8349 len=29	write	ALL	23245
Richards.ns pos=9090 len=30	write	ALL	40813
Richards.ns pos=9156 len=42	write	ALL	65789
Richards.ns pos=9277 len=33	write	ALL	65789
Richards.ns pos=9435 len=12	write	ALL	20113
Richards.ns pos=9612 len=12	write	ALL	10126
Richards.ns pos=10016 len=45	write	ALL	9299
Richards.ns pos=10108 len=41	write	ALL	2326
Richards.ns pos=11142 len=25	write	ALL	19301
Richards.ns pos=11208 len=25	write	ALL	23253
Richards.ns pos=11274 len=25	write	ALL	14764
Richards.ns pos=11337 len=21	write	ALL	8489
Richards.ns pos=11366 len=22	write	ALL	8489
Richards.ns pos=11396 len=22	write	ALL	8489
Richards.ns pos=11455 len=52	write	ALL	14760
Richards.ns pos=11472 len=35	write	ALL	14760
Richards.ns pos=11487 len=20	write	ALL	14760
Richards.ns pos=11544 len=37	write	ALL	1
Richards.ns pos=11561 len=20	write	ALL	1
Richards.ns pos=11589 len=21	write	ALL	1
Richards.ns pos=11657 len=20	write	ALL	2
Richards.ns pos=11685 len=36	write	ALL	2
Richards.ns pos=11700 len=21	write	ALL	2
Richards.ns pos=13014 len=14	write	ALL	14758
Richards.ns pos=13150 len=39	write	ALL	8486
Richards.ns pos=13342 len=20	write	ALL	23249
Sort.ns pos=2287 len=32	write	ALL	597
Sort.ns pos=2298 len=21	write	ALL	597
Sort.ns pos=2387 len=14	write	ALL	2897
Sort.ns pos=2444 len=14	write	ALL	1597
Sort.ns pos=4314 len=22	write	ALL	49799
Sort.ns pos=4445 len=23	write	ALL	50099
Storage.ns pos=1381 len=9	write	ALL	99
Storage.ns pos=1582 len=17	write	ALL	546099
Towers.ns pos=1517 len=9	write	ALL	820499
Towers.ns pos=1799 len=9	write	ALL	819099
Towers.ns pos=1954 len=25	write	ALL	819099
Towers.ns pos=2572 len=20	write	ALL	99
Towers.ns pos=2638 len=13	write	ALL	99
