Source Section	Call Count	Num Rcvrs	Num Targets
Actors.ns pos=1084 len=43	0	0	0
Actors.ns pos=1130 len=5	0	0	0
Actors.ns pos=1136 len=0	0	0	0
Actors.ns pos=1199 len=9	0	0	0
Actors.ns pos=1239 len=6	0	0	0
Actors.ns pos=1393 len=37	0	0	0
Actors.ns pos=1418 len=12	0	0	0
Actors.ns pos=1443 len=28	0	0	0
Actors.ns pos=1464 len=7	0	0	0
Actors.ns pos=1484 len=25	0	0	0
Actors.ns pos=1505 len=4	0	0	0
Actors.ns pos=1522 len=29	0	0	0
Actors.ns pos=1543 len=8	0	0	0
Actors.ns pos=1564 len=18	0	0	0
Actors.ns pos=1617 len=5	0	0	0
Actors.ns pos=2443 len=6	0	0	0
Actors.ns pos=3190 len=5	0	0	0
Actors.ns pos=3501 len=0	0	0	0
AllSmall.ns pos=1091 len=23	0	0	0
AllSmall.ns pos=1117 len=0	0	0	0
AllSmall.ns pos=1181 len=6	0	0	0
AllSmall.ns pos=1188 len=37	0	0	0
AllSmall.ns pos=1227 len=23	0	0	0
AllSmall.ns pos=1282 len=6	0	0	0
AllSmall.ns pos=1324 len=7	0	0	0
AllSmall.ns pos=1332 len=12	0	0	0
AllSmall.ns pos=1367 len=7	0	0	0
AllSmall.ns pos=1375 len=3	0	0	0
AllSmall.ns pos=1432 len=0	70	1	1
AllSmall.ns pos=1434 len=3	0	0	0
AllSmall.ns pos=1529 len=34	70	1	1
AllSmall.ns pos=1552 len=11	70	35	35
AllSmall.ns pos=1592 len=30	0	0	0
AllSmall.ns pos=1623 len=40	0	0	0
AllSmall.ns pos=1632 len=30	0	0	0
AllSmall.ns pos=1663 len=40	0	0	0
AllSmall.ns pos=1672 len=30	0	0	0
AllSmall.ns pos=1703 len=40	0	0	0
AllSmall.ns pos=1712 len=30	0	0	0
AllSmall.ns pos=1743 len=40	0	0	0
AllSmall.ns pos=1752 len=30	0	0	0
AllSmall.ns pos=1783 len=40	0	0	0
AllSmall.ns pos=1792 len=30	0	0	0
AllSmall.ns pos=1823 len=40	0	0	0
AllSmall.ns pos=1832 len=30	0	0	0
AllSmall.ns pos=1863 len=40	0	0	0
AllSmall.ns pos=1872 len=30	0	0	0
AllSmall.ns pos=1903 len=51	0	0	0
AllSmall.ns pos=1912 len=41	0	0	0
AllSmall.ns pos=1954 len=51	0	0	0
AllSmall.ns pos=1963 len=41	0	0	0
AllSmall.ns pos=2005 len=51	0	0	0
AllSmall.ns pos=2014 len=41	0	0	0
AllSmall.ns pos=2056 len=42	0	0	0
AllSmall.ns pos=2066 len=31	0	0	0
AllSmall.ns pos=2098 len=41	0	0	0
AllSmall.ns pos=2107 len=31	0	0	0
AllSmall.ns pos=2139 len=39	0	0	0
AllSmall.ns pos=2148 len=29	0	0	0
AllSmall.ns pos=2178 len=39	0	0	0
AllSmall.ns pos=2187 len=29	0	0	0
AllSmall.ns pos=2217 len=39	0	0	0
AllSmall.ns pos=2226 len=29	0	0	0
AllSmall.ns pos=2256 len=39	0	0	0
AllSmall.ns pos=2265 len=29	0	0	0
AllSmall.ns pos=2295 len=73	0	0	0
AllSmall.ns pos=2305 len=62	0	0	0
AllSmall.ns pos=2368 len=72	0	0	0
AllSmall.ns pos=2377 len=62	0	0	0
AllSmall.ns pos=2440 len=72	0	0	0
AllSmall.ns pos=2449 len=62	0	0	0
AllSmall.ns pos=2512 len=72	0	0	0
AllSmall.ns pos=2521 len=62	0	0	0
AllSmall.ns pos=2584 len=72	0	0	0
AllSmall.ns pos=2593 len=62	0	0	0
AllSmall.ns pos=2656 len=72	0	0	0
AllSmall.ns pos=2665 len=62	0	0	0
AllSmall.ns pos=2728 len=72	0	0	0
AllSmall.ns pos=2737 len=62	0	0	0
AllSmall.ns pos=2800 len=72	0	0	0
AllSmall.ns pos=2809 len=62	0	0	0
AllSmall.ns pos=2872 len=72	0	0	0
AllSmall.ns pos=2881 len=62	0	0	0
AllSmall.ns pos=2944 len=72	0	0	0
AllSmall.ns pos=2953 len=62	0	0	0
AllSmall.ns pos=3016 len=72	0	0	0
AllSmall.ns pos=3025 len=62	0	0	0
AllSmall.ns pos=3088 len=72	0	0	0
AllSmall.ns pos=3097 len=62	0	0	0
AllSmall.ns pos=3160 len=72	0	0	0
AllSmall.ns pos=3169 len=62	0	0	0
AllSmall.ns pos=3232 len=73	0	0	0
AllSmall.ns pos=3242 len=62	0	0	0
AllSmall.ns pos=3305 len=72	0	0	0
AllSmall.ns pos=3314 len=62	0	0	0
AllSmall.ns pos=3377 len=72	0	0	0
AllSmall.ns pos=3386 len=62	0	0	0
AllSmall.ns pos=3449 len=71	0	0	0
AllSmall.ns pos=3458 len=61	0	0	0
AllSmall.ns pos=3520 len=71	0	0	0
AllSmall.ns pos=3529 len=61	0	0	0
AllSmall.ns pos=3591 len=71	0	0	0
AllSmall.ns pos=3600 len=61	0	0	0
AllSmall.ns pos=3750 len=29	70	1	1
AllSmall.ns pos=3791 len=43	70	15	15
AllSmall.ns pos=3924 len=22	42	1	1
AllSmall.ns pos=3972 len=17	42	1	1
AllSmall.ns pos=3991 len=22	42	1	1
AllSmall.ns pos=4005 len=8	42	1	1
AllSmall.ns pos=4027 len=43	42	1	1
AllSmall.ns pos=4144 len=16	26	1	1
AllSmall.ns pos=4173 len=45	26	1	1
AllSmall.ns pos=4314 len=3	70	1	1
AllSmall.ns pos=4437 len=21	70	35	35
AllSmall.ns pos=4492 len=3	0	0	0
AllSmall.ns pos=4496 len=60	0	0	0
AllSmall.ns pos=4518 len=12	70	1	1
AllSmall.ns pos=4538 len=11	70	1	1
AllSmall.ns pos=4562 len=10	0	0	0
AllSmall.ns pos=4617 len=5	70	1	1
AllSmall.ns pos=4633 len=7	70	1	1
AllSmall.ns pos=4752 len=7	70	1	1
AllSmall.ns pos=4841 len=7	70	1	1
AllSmall.ns pos=4982 len=14	0	0	0
AllSmall.ns pos=5012 len=8	0	0	0
AllSmall.ns pos=5030 len=7	0	0	0
AllSmall.ns pos=5072 len=6	0	0	0
Bounce.ns pos=1084 len=43	0	0	0
Bounce.ns pos=1130 len=0	0	0	0
Bounce.ns pos=1162 len=9	0	0	0
Bounce.ns pos=1203 len=6	0	0	0
Bounce.ns pos=1242 len=6	0	0	0
Bounce.ns pos=1249 len=5	0	0	0
Bounce.ns pos=1277 len=0	0	0	0
Bounce.ns pos=1279 len=9	0	0	0
Bounce.ns pos=1376 len=3	198	1	1
Bounce.ns pos=1444 len=44	198	1	1
Bounce.ns pos=1475 len=11	19998	1	1
Bounce.ns pos=1499 len=105	198	1	1
Bounce.ns pos=1531 len=71	9998	1	1
Bounce.ns pos=1560 len=6	999998	1	1
Bounce.ns pos=1672 len=27	198	1	1
Bounce.ns pos=1724 len=11	19998	1	1
Bounce.ns pos=1738 len=0	19998	1	1
Bounce.ns pos=1762 len=4	19998	1	1
Bounce.ns pos=1796 len=4	19998	1	1
Bounce.ns pos=1831 len=4	19998	1	1
Bounce.ns pos=1873 len=4	19998	1	1
Bounce.ns pos=2439 len=6	0	0	0
Bounce.ns pos=2446 len=3	0	0	0
Bounce.ns pos=2491 len=18	0	0	0
Collections.ns pos=1089 len=19	0	0	0
Collections.ns pos=1111 len=5	0	0	0
Collections.ns pos=1117 len=0	0	0	0
Collections.ns pos=1145 len=5	0	0	0
Collections.ns pos=1178 len=4	0	0	0
Collections.ns pos=1210 len=6	0	0	0
Collections.ns pos=3815 len=9	2	1	1
Collections.ns pos=3827 len=0	2	1	1
Collections.ns pos=3933 len=40	30	1	1
Collections.ns pos=3976 len=0	32	2	2
Collections.ns pos=4283 len=8	13252	1	1
Collections.ns pos=4464 len=15	13220	1	1
Collections.ns pos=4520 len=22	13220	1	1
Collections.ns pos=4621 len=10	13220	1	1
Collections.ns pos=4643 len=12	13220	1	1
Collections.ns pos=4701 len=21	14222	1	1
Collections.ns pos=5118 len=10	30	1	1
Collections.ns pos=5140 len=15	30	1	1
Collections.ns pos=5257 len=37	26	1	1
Collections.ns pos=5356 len=60	2	1	1
Collections.ns pos=5546 len=42	30	1	1
Collections.ns pos=5754 len=20	2	1	1
Collections.ns pos=5929 len=37	2	1	1
Collections.ns pos=7704 len=6	0	0	0
Collections.ns pos=7711 len=10	0	0	0
Collections.ns pos=7716 len=5	0	0	0
Collections.ns pos=7729 len=7	0	0	0
Collections.ns pos=7737 len=163	0	0	0
Collections.ns pos=7843 len=19	14	1	1
Collections.ns pos=8446 len=20	2	1	1
DeltaBlue.ns pos=16 len=43	0	0	0
DeltaBlue.ns pos=62 len=0	0	0	0
DeltaBlue.ns pos=104 len=9	0	0	0
DeltaBlue.ns pos=156 len=6	0	0	0
DeltaBlue.ns pos=163 len=5	0	0	0
DeltaBlue.ns pos=211 len=6	0	0	0
DeltaBlue.ns pos=218 len=6	0	0	0
DeltaBlue.ns pos=267 len=11	0	0	0
DeltaBlue.ns pos=279 len=10	0	0	0
DeltaBlue.ns pos=323 len=8	0	0	0
DeltaBlue.ns pos=332 len=19	0	0	0
DeltaBlue.ns pos=385 len=8	0	0	0
DeltaBlue.ns pos=394 len=23	0	0	0
DeltaBlue.ns pos=452 len=8	0	0	0
DeltaBlue.ns pos=461 len=22	0	0	0
DeltaBlue.ns pos=517 len=8	0	0	0
DeltaBlue.ns pos=526 len=20	0	0	0
DeltaBlue.ns pos=580 len=8	0	0	0
DeltaBlue.ns pos=589 len=13	0	0	0
DeltaBlue.ns pos=629 len=0	0	0	0
DeltaBlue.ns pos=631 len=9	0	0	0
DeltaBlue.ns pos=730 len=26	198	1	1
DeltaBlue.ns pos=772 len=31	198	1	1
DeltaBlue.ns pos=842 len=0	998	1	1
DeltaBlue.ns pos=844 len=6	0	0	0
DeltaBlue.ns pos=851 len=7	998	1	1
DeltaBlue.ns pos=1146 len=20	27998	1	1
DeltaBlue.ns pos=1158 len=7	511998	3	3
DeltaBlue.ns pos=1194 len=0	398	1	1
DeltaBlue.ns pos=1196 len=0	398	1	1
DeltaBlue.ns pos=2577 len=7	13798	1	1
DeltaBlue.ns pos=2607 len=29	13798	4	1
DeltaBlue.ns pos=2711 len=29	12998	3	1
DeltaBlue.ns pos=3434 len=15	998	1	1
DeltaBlue.ns pos=3459 len=15	998	1	1
DeltaBlue.ns pos=3501 len=24	998	1	1
DeltaBlue.ns pos=3545 len=34	998	1	1
DeltaBlue.ns pos=3561 len=17	598	1	1
DeltaBlue.ns pos=3863 len=3	998	1	1
DeltaBlue.ns pos=3886 len=79	998	1	1
DeltaBlue.ns pos=3907 len=7	998	1	1
DeltaBlue.ns pos=3923 len=11	998	1	1
DeltaBlue.ns pos=3954 len=9	998	1	1
DeltaBlue.ns pos=3980 len=17	998	1	1
DeltaBlue.ns pos=5622 len=7	998	1	1
DeltaBlue.ns pos=5649 len=3	998	1	1
DeltaBlue.ns pos=5688 len=7	14398	1	1
DeltaBlue.ns pos=5727 len=11	13398	1	1
DeltaBlue.ns pos=5831 len=17	13398	3	1
DeltaBlue.ns pos=5909 len=9	13398	1	1
DeltaBlue.ns pos=5974 len=42	13398	1	1
DeltaBlue.ns pos=6530 len=105	47998	1	1
DeltaBlue.ns pos=6574 len=11	34398	3	2
DeltaBlue.ns pos=6624 len=9	20798	1	1
DeltaBlue.ns pos=7429 len=7	26198	1	1
DeltaBlue.ns pos=7450 len=7	60798	1	1
DeltaBlue.ns pos=7490 len=11	34598	1	1
DeltaBlue.ns pos=7609 len=11	34598	4	3
DeltaBlue.ns pos=7635 len=42	34598	1	1
DeltaBlue.ns pos=7823 len=47	798	1	1
DeltaBlue.ns pos=7890 len=46	798	1	1
DeltaBlue.ns pos=7947 len=71	798	1	1
DeltaBlue.ns pos=8010 len=7	7998	1	1
DeltaBlue.ns pos=8041 len=23	798	1	1
DeltaBlue.ns pos=8196 len=111	13398	1	1
DeltaBlue.ns pos=8250 len=11	12998	3	2
DeltaBlue.ns pos=9122 len=3	998	1	1
DeltaBlue.ns pos=9190 len=15	998	1	1
DeltaBlue.ns pos=9249 len=9	998	1	1
DeltaBlue.ns pos=9272 len=7	14398	1	1
DeltaBlue.ns pos=9312 len=11	13398	1	1
DeltaBlue.ns pos=9347 len=67	13398	1	1
DeltaBlue.ns pos=9369 len=11	25398	3	2
DeltaBlue.ns pos=9403 len=9	598	1	1
DeltaBlue.ns pos=9429 len=91	13398	1	1
DeltaBlue.ns pos=9475 len=11	12398	2	2
DeltaBlue.ns pos=9503 len=16	12398	1	1
DeltaBlue.ns pos=9513 len=6	12398	2	1
DeltaBlue.ns pos=9542 len=51	998	1	1
DeltaBlue.ns pos=9810 len=3	198	1	1
DeltaBlue.ns pos=9834 len=34	198	1	1
DeltaBlue.ns pos=9863 len=3	4198	1	1
DeltaBlue.ns pos=9952 len=174	198	1	1
DeltaBlue.ns pos=10068 len=50	3998	1	1
DeltaBlue.ns pos=10150 len=54	198	1	1
DeltaBlue.ns pos=10160 len=4	198	1	1
DeltaBlue.ns pos=10244 len=51	198	1	1
DeltaBlue.ns pos=10254 len=5	198	1	1
DeltaBlue.ns pos=10318 len=46	198	1	1
DeltaBlue.ns pos=10375 len=149	198	1	1
DeltaBlue.ns pos=10406 len=5	19998	1	1
DeltaBlue.ns pos=10435 len=7	19998	1	1
DeltaBlue.ns pos=10457 len=4	19998	1	1
DeltaBlue.ns pos=10548 len=26	198	1	1
DeltaBlue.ns pos=10826 len=3	198	1	1
DeltaBlue.ns pos=10854 len=3	198	1	1
DeltaBlue.ns pos=10884 len=9	198	1	1
DeltaBlue.ns pos=10920 len=11	198	1	1
DeltaBlue.ns pos=10942 len=288	198	1	1
DeltaBlue.ns pos=10981 len=8	3998	1	1
DeltaBlue.ns pos=11014 len=8	3998	1	1
DeltaBlue.ns pos=11038 len=11	3998	1	1
DeltaBlue.ns pos=11074 len=42	3998	1	1
DeltaBlue.ns pos=11142 len=80	3998	1	1
DeltaBlue.ns pos=11247 len=27	198	1	1
DeltaBlue.ns pos=11369 len=29	198	1	1
DeltaBlue.ns pos=11490 len=28	198	1	1
DeltaBlue.ns pos=11528 len=127	198	1	1
DeltaBlue.ns pos=11563 len=5	3798	1	1
DeltaBlue.ns pos=11672 len=32	198	1	1
DeltaBlue.ns pos=11714 len=126	198	1	1
DeltaBlue.ns pos=11749 len=5	3798	1	1
DeltaBlue.ns pos=11869 len=11	14	1	1
DeltaBlue.ns pos=11883 len=0	14	1	1
DeltaBlue.ns pos=12666 len=10	14	1	1
DeltaBlue.ns pos=13506 len=12	41198	1	1
DeltaBlue.ns pos=13713 len=10	0	0	0
DeltaBlue.ns pos=13724 len=3	0	0	0
DeltaBlue.ns pos=13741 len=34	0	0	0
DeltaBlue.ns pos=13789 len=23	0	0	0
DeltaBlue.ns pos=13826 len=30	0	0	0
DeltaBlue.ns pos=13870 len=24	0	0	0
DeltaBlue.ns pos=13908 len=28	0	0	0
DeltaBlue.ns pos=13950 len=19	0	0	0
DeltaBlue.ns pos=13983 len=25	0	0	0
DeltaBlue.ns pos=14022 len=31	0	0	0
DeltaBlue.ns pos=14153 len=10	0	0	0
DeltaBlue.ns pos=14164 len=3	0	0	0
DeltaBlue.ns pos=14175 len=13	0	0	0
DeltaBlue.ns pos=14189 len=4	0	0	0
DeltaBlue.ns pos=14194 len=112	0	0	0
DeltaBlue.ns pos=14245 len=60	14	1	1
DeltaBlue.ns pos=14285 len=19	14	1	1
DeltaBlue.ns pos=14474 len=11	13204	1	1
DeltaBlue.ns pos=14742 len=0	13198	4	1
DeltaBlue.ns pos=15195 len=18	13198	1	1
DeltaBlue.ns pos=15782 len=10	13198	4	3
DeltaBlue.ns pos=15808 len=20	13198	1	1
DeltaBlue.ns pos=16152 len=11	998	1	1
DeltaBlue.ns pos=16181 len=23	998	1	1
DeltaBlue.ns pos=16218 len=15	998	1	1
DeltaBlue.ns pos=17409 len=112	13398	3	3
DeltaBlue.ns pos=18459 len=18	26798	4	2
DeltaBlue.ns pos=18490 len=11	26798	4	2
DeltaBlue.ns pos=18663 len=32	26198	4	3
DeltaBlue.ns pos=18816 len=15	12998	3	2
DeltaBlue.ns pos=18887 len=29	26198	1	1
DeltaBlue.ns pos=19152 len=27	598	1	1
DeltaBlue.ns pos=19170 len=8	598	1	1
DeltaBlue.ns pos=19376 len=18	0	0	0
DeltaBlue.ns pos=19395 len=19	7998	2	1
DeltaBlue.ns pos=20106 len=19	3998	1	1
DeltaBlue.ns pos=20136 len=19	3998	1	1
DeltaBlue.ns pos=20725 len=25	4198	1	1
DeltaBlue.ns pos=20944 len=25	8198	1	1
DeltaBlue.ns pos=21165 len=23	7998	1	1
DeltaBlue.ns pos=21385 len=25	7998	1	1
DeltaBlue.ns pos=22485 len=24	19998	1	1
DeltaBlue.ns pos=22566 len=7	15998	1	1
DeltaBlue.ns pos=22639 len=54	998	1	1
DeltaBlue.ns pos=22696 len=15	0	0	0
DeltaBlue.ns pos=22712 len=54	998	1	1
DeltaBlue.ns pos=23138 len=59	3998	1	1
DeltaBlue.ns pos=23200 len=16	0	0	0
DeltaBlue.ns pos=23217 len=59	3998	1	1
DeltaBlue.ns pos=23359 len=22	3998	1	1
DeltaBlue.ns pos=23639 len=97	3998	1	1
DeltaBlue.ns pos=23739 len=16	0	0	0
DeltaBlue.ns pos=23756 len=63	3998	1	1
DeltaBlue.ns pos=24253 len=22	3998	1	1
DeltaBlue.ns pos=24379 len=19	3998	1	1
DeltaBlue.ns pos=24409 len=19	3998	1	1
DeltaBlue.ns pos=24443 len=19	3998	1	1
DeltaBlue.ns pos=24477 len=19	3998	1	1
DeltaBlue.ns pos=25896 len=24	21198	1	1
DeltaBlue.ns pos=26016 len=7	12798	1	1
DeltaBlue.ns pos=26147 len=18	0	0	0
DeltaBlue.ns pos=26166 len=19	5198	2	1
DeltaBlue.ns pos=26514 len=22	5198	2	1
DeltaBlue.ns pos=26795 len=19	5198	1	1
DeltaBlue.ns pos=26969 len=22	1998	1	1
DeltaBlue.ns pos=27211 len=29	5798	1	1
DeltaBlue.ns pos=27844 len=7	5798	2	2
DeltaBlue.ns pos=27889 len=7	4798	1	1
DeltaBlue.ns pos=27959 len=54	4198	1	1
DeltaBlue.ns pos=28016 len=15	0	0	0
DeltaBlue.ns pos=28032 len=54	4198	1	1
DeltaBlue.ns pos=28532 len=0	12598	1	1
DeltaBlue.ns pos=28534 len=0	12598	1	1
DeltaBlue.ns pos=29385 len=6	12598	1	1
DeltaBlue.ns pos=29467 len=15	12598	1	1
DeltaBlue.ns pos=29726 len=19	29198	1	1
DeltaBlue.ns pos=29862 len=9	1998	1	1
DeltaBlue.ns pos=29999 len=3	8398	1	1
DeltaBlue.ns pos=30075 len=9	0	0	0
DeltaBlue.ns pos=30085 len=3	0	0	0
DeltaBlue.ns pos=30130 len=19	0	0	0
Fannkuch.ns pos=1302 len=43	0	0	0
Fannkuch.ns pos=1348 len=0	0	0	0
Fannkuch.ns pos=1386 len=9	0	0	0
Fannkuch.ns pos=1434 len=6	0	0	0
Fannkuch.ns pos=1441 len=5	0	0	0
Fannkuch.ns pos=1481 len=21	0	0	0
Fannkuch.ns pos=1535 len=0	0	0	0
Fannkuch.ns pos=1537 len=9	0	0	0
Fannkuch.ns pos=1664 len=20	6	1	1
Fannkuch.ns pos=1686 len=14	6	1	1
Fannkuch.ns pos=1785 len=9	6	1	1
Fannkuch.ns pos=1797 len=0	6	1	1
Fannkuch.ns pos=1823 len=8	6	1	1
Fannkuch.ns pos=1861 len=20	6	1	1
Fannkuch.ns pos=2109 len=182	148062	1	1
Fannkuch.ns pos=2410 len=488	40318	1	1
Fannkuch.ns pos=2524 len=55	69270	1	1
Fannkuch.ns pos=3101 len=4	40318	1	1
Fannkuch.ns pos=3125 len=36	40318	1	1
Fannkuch.ns pos=3136 len=24	40318	1	1
Fannkuch.ns pos=3233 len=4	40318	1	1
Fannkuch.ns pos=3250 len=8	40318	1	1
Fannkuch.ns pos=3352 len=5	0	0	0
Fannkuch.ns pos=3749 len=17	0	0	0
Fannkuch.ns pos=3767 len=3	0	0	0
Fannkuch.ns pos=3812 len=18	0	0	0
Files.ns pos=12 len=47	0	0	0
Files.ns pos=62 len=5	0	0	0
Files.ns pos=68 len=0	0	0	0
Files.ns pos=2131 len=6	0	0	0
Files.ns pos=2138 len=6	0	0	0
Files.ns pos=2168 len=6	0	0	0
Files.ns pos=2175 len=9	0	0	0
Files.ns pos=2244 len=7	0	0	0
Files.ns pos=2252 len=20	0	0	0
Files.ns pos=2314 len=7	0	0	0
Files.ns pos=2322 len=18	0	0	0
Files.ns pos=2387 len=7	0	0	0
Files.ns pos=2395 len=23	0	0	0
Files.ns pos=2464 len=7	0	0	0
Files.ns pos=2472 len=22	0	0	0
Files.ns pos=2547 len=7	0	0	0
Files.ns pos=2555 len=29	0	0	0
Files.ns pos=2599 len=35	0	0	0
Files.ns pos=2620 len=14	0	0	0
Files.ns pos=2647 len=16	0	0	0
Files.ns pos=2700 len=6	0	0	0
GCBench.ns pos=2799 len=43	0	0	0
GCBench.ns pos=2845 len=0	0	0	0
GCBench.ns pos=2883 len=9	0	0	0
GCBench.ns pos=2931 len=6	0	0	0
GCBench.ns pos=2938 len=5	0	0	0
GCBench.ns pos=2966 len=0	0	0	0
GCBench.ns pos=2968 len=0	0	0	0
GCBench.ns pos=3556 len=28	8	1	1
GCBench.ns pos=3714 len=6	8	1	1
GCBench.ns pos=3733 len=51	8	1	1
GCBench.ns pos=3870 len=28	8	1	1
GCBench.ns pos=3908 len=67	8	1	1
GCBench.ns pos=4091 len=104	8	1	1
GCBench.ns pos=4208 len=26	8	1	1
GCBench.ns pos=4401 len=6	47838	1	1
GCBench.ns pos=4447 len=93	44032	1	1
GCBench.ns pos=4461 len=22	44048	1	1
GCBench.ns pos=4517 len=22	44048	1	1
GCBench.ns pos=4598 len=44	8	1	1
GCBench.ns pos=4617 len=24	38	1	1
GCBench.ns pos=4742 len=16	38	1	1
GCBench.ns pos=4818 len=136	38	1	1
GCBench.ns pos=4868 len=6	3778	1	1
GCBench.ns pos=4889 len=31	3778	1	1
GCBench.ns pos=4965 len=100	38	1	1
GCBench.ns pos=5015 len=16	3778	1	1
GCBench.ns pos=5113 len=28	38	1	1
GCBench.ns pos=5151 len=12	38	1	1
GCBench.ns pos=5261 len=6	41488	1	1
GCBench.ns pos=5294 len=6	41488	1	1
GCBench.ns pos=5315 len=35	41488	1	1
GCBench.ns pos=5365 len=36	41488	1	1
GCBench.ns pos=5468 len=28	78	1	1
GCBench.ns pos=5538 len=17	178658	1	1
GCBench.ns pos=5558 len=0	178658	1	1
GCBench.ns pos=5654 len=21	134608	1	1
GCBench.ns pos=5714 len=7	0	0	0
GCBench.ns pos=5722 len=3	0	0	0
GCBench.ns pos=5767 len=18	0	0	0
Harness.ns pos=1085 len=23	0	0	0
Harness.ns pos=1111 len=5	0	0	0
Harness.ns pos=1117 len=0	0	0	0
Harness.ns pos=1349 len=6	0	0	0
Harness.ns pos=1422 len=7	0	0	0
Harness.ns pos=1430 len=12	0	0	0
Harness.ns pos=1477 len=0	0	0	0
Harness.ns pos=1560 len=103	2328	1	1
Harness.ns pos=1604 len=28	2328	31	30
Harness.ns pos=1623 len=9	2328	31	29
Harness.ns pos=2090 len=9	998	1	1
Harness.ns pos=2102 len=0	998	1	1
Harness.ns pos=2252 len=10	998	1	1
Harness.ns pos=3941 len=0	70	1	1
Harness.ns pos=5254 len=58	2550	36	6
Harness.ns pos=5586 len=193	70	1	1
Harness.ns pos=5627 len=14	2550	1	1
Json.ns pos=109 len=43	0	0	0
Json.ns pos=155 len=0	0	0	0
Json.ns pos=193 len=9	0	0	0
Json.ns pos=241 len=6	0	0	0
Json.ns pos=248 len=5	0	0	0
Json.ns pos=292 len=6	0	0	0
Json.ns pos=299 len=6	0	0	0
Json.ns pos=326 len=11	0	0	0
Json.ns pos=338 len=11	0	0	0
Json.ns pos=369 len=11	0	0	0
Json.ns pos=381 len=11	0	0	0
Json.ns pos=412 len=11	0	0	0
Json.ns pos=424 len=12	0	0	0
Json.ns pos=456 len=0	0	0	0
Json.ns pos=458 len=9	0	0	0
Json.ns pos=506 len=10	0	0	0
Json.ns pos=517 len=31	0	0	0
Json.ns pos=523 len=4	0	0	0
Json.ns pos=528 len=20	0	0	0
Json.ns pos=550 len=5	0	0	0
Json.ns pos=683 len=8	0	0	0
Json.ns pos=726 len=8	0	0	0
Json.ns pos=735 len=10	0	0	0
Json.ns pos=747 len=8	0	0	0
Json.ns pos=790 len=8	0	0	0
Json.ns pos=799 len=16	0	0	0
Json.ns pos=817 len=7	0	0	0
Json.ns pos=861 len=8	0	0	0
Json.ns pos=870 len=16	0	0	0
Json.ns pos=888 len=7	0	0	0
Json.ns pos=896 len=4	0	0	0
Json.ns pos=26818 len=12	0	0	0
Json.ns pos=26833 len=0	0	0	0
Json.ns pos=27051 len=30	0	0	0
Json.ns pos=27094 len=4	0	0	0
Json.ns pos=27111 len=14	0	0	0
Json.ns pos=27147 len=9	0	0	0
Json.ns pos=27169 len=14	0	0	0
Json.ns pos=27196 len=11	0	0	0
Json.ns pos=27333 len=8	1178	1	1
Json.ns pos=27384 len=8	50	1	1
Json.ns pos=27435 len=9	4	1	1
Json.ns pos=27486 len=10	2700	1	1
Json.ns pos=27537 len=9	1104	1	1
Json.ns pos=27588 len=10	312	1	1
Json.ns pos=27762 len=10	12	1	1
Json.ns pos=27813 len=10	36	1	1
Json.ns pos=27864 len=10	482	1	1
Json.ns pos=27915 len=10	500	1	1
Json.ns pos=27966 len=10	36	1	1
Json.ns pos=28017 len=10	80	1	1
Json.ns pos=28068 len=10	72	1	1
Json.ns pos=28119 len=10	100	1	1
Json.ns pos=28170 len=10	32	1	1
Json.ns pos=28221 len=10	20	1	1
Json.ns pos=28272 len=10	32	1	1
Json.ns pos=28383 len=14	5584	1	1
Json.ns pos=28411 len=19	5582	1	1
Json.ns pos=28421 len=9	5584	1	1
Json.ns pos=28443 len=14	5584	1	1
Json.ns pos=28511 len=4	1104	1	1
Json.ns pos=28541 len=3	1104	1	1
Json.ns pos=28591 len=14	1104	1	1
Json.ns pos=28619 len=13	1104	1	1
Json.ns pos=28681 len=23	1102	1	1
Json.ns pos=28718 len=13	5584	1	1
Json.ns pos=28759 len=23	4480	1	1
Json.ns pos=28806 len=13	1102	1	1
Json.ns pos=28963 len=14	1194	1	1
Json.ns pos=28997 len=8	1194	1	1
Json.ns pos=29018 len=14	1194	1	1
Json.ns pos=29047 len=13	1194	1	1
Json.ns pos=29107 len=14	1194	1	1
Json.ns pos=29137 len=30	1192	1	1
Json.ns pos=29158 len=9	1194	1	1
Json.ns pos=29181 len=14	1194	1	1
Json.ns pos=29251 len=4	312	1	1
Json.ns pos=29283 len=3	312	1	1
Json.ns pos=29299 len=14	312	1	1
Json.ns pos=29328 len=13	312	1	1
Json.ns pos=29391 len=30	312	1	1
Json.ns pos=29435 len=13	1194	1	1
Json.ns pos=29476 len=30	880	1	1
Json.ns pos=29530 len=13	312	1	1
Json.ns pos=29710 len=18	1194	1	1
Json.ns pos=29764 len=4	1178	1	1
Json.ns pos=29781 len=21	1178	1	1
Json.ns pos=29815 len=21	1178	1	1
Json.ns pos=29849 len=21	1178	1	1
Json.ns pos=29920 len=4	50	1	1
Json.ns pos=29937 len=21	50	1	1
Json.ns pos=29971 len=21	50	1	1
Json.ns pos=30005 len=21	50	1	1
Json.ns pos=30077 len=4	4	1	1
Json.ns pos=30094 len=21	4	1	1
Json.ns pos=30128 len=21	4	1	1
Json.ns pos=30162 len=21	4	1	1
Json.ns pos=30196 len=21	4	1	1
Json.ns pos=30281 len=12	3718	1	1
Json.ns pos=30401 len=28	2700	1	1
Json.ns pos=30411 len=18	2700	1	1
Json.ns pos=30492 len=4	3896	1	1
Json.ns pos=30509 len=12	3896	1	1
Json.ns pos=30902 len=4	25770	1	1
Json.ns pos=30947 len=10	3896	1	1
Json.ns pos=30970 len=4	3896	1	1
Json.ns pos=31689 len=12	1422	1	1
Json.ns pos=31714 len=13	1422	1	1
Json.ns pos=31769 len=9	1422	1	1
Json.ns pos=31856 len=9	3660	1	1
Json.ns pos=31895 len=12	1422	1	1
Json.ns pos=31920 len=12	1422	1	1
Json.ns pos=31953 len=20	1422	1	1
Json.ns pos=31963 len=10	1422	1	1
Json.ns pos=32014 len=13	1422	1	1
Json.ns pos=32204 len=13	1422	1	1
Json.ns pos=32244 len=13	1422	1	1
Json.ns pos=32540 len=4	11712	1	1
Json.ns pos=32595 len=7	5084	1	1
Json.ns pos=32636 len=4	3698	1	1
Json.ns pos=32698 len=12	17378	1	1
Json.ns pos=32964 len=32	51640	1	1
Json.ns pos=33096 len=13	0	0	0
Json.ns pos=34754 len=7	0	0	0
Json.ns pos=34803 len=0	312	1	1
Json.ns pos=34805 len=0	312	1	1
Json.ns pos=34839 len=18	312	1	1
Json.ns pos=34934 len=17	1194	1	1
Json.ns pos=35424 len=17	4	1	1
Json.ns pos=35581 len=8	1200	1	1
Json.ns pos=35918 len=0	0	0	0
Json.ns pos=37742 len=0	1104	1	1
Json.ns pos=37744 len=9	0	0	0
Json.ns pos=37754 len=0	1104	1	1
Json.ns pos=37785 len=3	1104	1	1
Json.ns pos=38183 len=38	5584	5	1
Json.ns pos=38236 len=13	5584	1	1
Json.ns pos=38897 len=6	0	0	0
Json.ns pos=38904 len=4	0	0	0
Json.ns pos=39470 len=8	4	1	1
Json.ns pos=39481 len=9	0	0	0
Json.ns pos=39491 len=0	4	1	1
Json.ns pos=40092 len=12	1422	1	1
Json.ns pos=40107 len=9	0	0	0
Json.ns pos=40117 len=0	1422	1	1
Json.ns pos=40157 len=39	1422	1	1
Json.ns pos=40679 len=0	312	1	1
Json.ns pos=40681 len=9	0	0	0
Json.ns pos=40691 len=0	312	1	1
Json.ns pos=40721 len=3	312	1	1
Json.ns pos=40756 len=3	312	1	1
Json.ns pos=40799 len=3	312	1	1
Json.ns pos=41176 len=38	1194	1	1
Json.ns pos=41233 len=43	1194	5	1
Json.ns pos=41292 len=12	1194	1	1
Json.ns pos=41319 len=18	1194	1	1
Json.ns pos=41351 len=24	1194	1	1
Json.ns pos=41371 len=4	1194	1	1
Json.ns pos=42396 len=38	4	1	1
Json.ns pos=42453 len=13	4	1	1
Json.ns pos=42538 len=7	4	1	1
Json.ns pos=43894 len=8	4	1	1
Json.ns pos=43940 len=7	4	1	1
Json.ns pos=44232 len=8	2700	1	1
Json.ns pos=44243 len=9	0	0	0
Json.ns pos=44253 len=0	2700	1	1
Json.ns pos=44637 len=4	0	0	0
Json.ns pos=44642 len=3	0	0	0
Json.ns pos=44687 len=18	0	0	0
Kernel.ns pos=2063 len=6	0	0	0
Kernel.ns pos=2070 len=3	0	0	0
Kernel.ns pos=2074 len=12	0	0	0
Kernel.ns pos=2088 len=15	0	0	0
Kernel.ns pos=2753 len=27	216	1	1
Kernel.ns pos=2772 len=8	216	1	1
Kernel.ns pos=7712 len=8	0	0	0
Kernel.ns pos=7721 len=17	0	0	0
Kernel.ns pos=8158 len=25	4472630	1	1
Kernel.ns pos=8385 len=29	724398	1	1
Kernel.ns pos=8638 len=33	878	1	1
Kernel.ns pos=8800 len=41	6	1	1
Kernel.ns pos=11425 len=20	42	1	1
Kernel.ns pos=11483 len=20	14454	1	1
Kernel.ns pos=14420 len=17	70	1	1
Kernel.ns pos=15328 len=83	511612	1	1
Kernel.ns pos=15452 len=79	802576	1	1
Kernel.ns pos=15636 len=92	40318	1	1
Kernel.ns pos=17648 len=85	282548	1	1
Kernel.ns pos=17726 len=5	5108378	5	2
Kernel.ns pos=17888 len=79	40318	1	1
Kernel.ns pos=18029 len=29	40318	1	1
Kernel.ns pos=18852 len=11	40318	1	1
Kernel.ns pos=19085 len=13	282348	1	1
Kernel.ns pos=20262 len=16	1502198	1	1
Kernel.ns pos=21634 len=54	4000	1	1
Kernel.ns pos=21840 len=0	0	0	0
Kernel.ns pos=22066 len=9	44136	1	1
Kernel.ns pos=22078 len=0	45136	2	1
Kernel.ns pos=22242 len=17	407610	1	1
Kernel.ns pos=22625 len=57	105802	1	1
Kernel.ns pos=23275 len=15	66	1	1
Kernel.ns pos=23499 len=57	8202	1	1
Kernel.ns pos=24084 len=8	1998	1	1
Kernel.ns pos=24146 len=186	1998	1	1
Kernel.ns pos=25598 len=7	61398	1	1
Kernel.ns pos=28002 len=4	998	1	1
Kernel.ns pos=28036 len=75	598	1	1
Kernel.ns pos=28240 len=7	4334	1	1
Kernel.ns pos=28320 len=6	27198	1	1
Kernel.ns pos=28344 len=12	27198	1	1
Kernel.ns pos=28512 len=0	0	0	0
Kernel.ns pos=28719 len=21	3998	1	1
Kernel.ns pos=28869 len=9	0	0	0
LanguageFeatures.ns pos=1099 len=43	36	1	1
LanguageFeatures.ns pos=1145 len=0	72	2	2
LanguageFeatures.ns pos=1514 len=0	0	0	0
LanguageFeatures.ns pos=1516 len=9	0	0	0
LanguageFeatures.ns pos=1587 len=13	18	1	1
LanguageFeatures.ns pos=1714 len=16	218898	1	1
LanguageFeatures.ns pos=1740 len=16	218898	1	1
LanguageFeatures.ns pos=1874 len=3	0	0	0
LanguageFeatures.ns pos=1921 len=18	0	0	0
LanguageFeatures.ns pos=2942 len=0	0	0	0
LanguageFeatures.ns pos=2944 len=9	0	0	0
LanguageFeatures.ns pos=3026 len=59	18	1	1
LanguageFeatures.ns pos=3220 len=3	0	0	0
LanguageFeatures.ns pos=3267 len=18	0	0	0
LanguageFeatures.ns pos=3318 len=0	0	0	0
LanguageFeatures.ns pos=3320 len=9	0	0	0
LanguageFeatures.ns pos=3330 len=0	0	0	0
LanguageFeatures.ns pos=4566 len=3	0	0	0
LanguageFeatures.ns pos=4613 len=18	0	0	0
LanguageFeatures.ns pos=4665 len=0	0	0	0
LanguageFeatures.ns pos=4667 len=9	0	0	0
LanguageFeatures.ns pos=4766 len=51	18	1	1
LanguageFeatures.ns pos=4965 len=3	0	0	0
LanguageFeatures.ns pos=5012 len=18	0	0	0
LanguageFeatures.ns pos=5065 len=0	0	0	0
LanguageFeatures.ns pos=5067 len=9	0	0	0
LanguageFeatures.ns pos=5154 len=7	18	1	1
LanguageFeatures.ns pos=5162 len=47	18	1	1
LanguageFeatures.ns pos=5331 len=3	0	0	0
LanguageFeatures.ns pos=5378 len=18	0	0	0
LanguageFeatures.ns pos=5424 len=0	0	0	0
LanguageFeatures.ns pos=5426 len=9	0	0	0
LanguageFeatures.ns pos=5495 len=34	3998	1	1
LanguageFeatures.ns pos=5705 len=47	18	1	1
LanguageFeatures.ns pos=5741 len=9	3998	1	1
LanguageFeatures.ns pos=5880 len=3	0	0	0
LanguageFeatures.ns pos=5927 len=18	0	0	0
LanguageFeatures.ns pos=5983 len=0	0	0	0
LanguageFeatures.ns pos=5985 len=9	0	0	0
LanguageFeatures.ns pos=6025 len=9	3998	1	1
LanguageFeatures.ns pos=6062 len=8	3998	1	1
LanguageFeatures.ns pos=6120 len=14	3998	1	1
LanguageFeatures.ns pos=6200 len=41	18	1	1
LanguageFeatures.ns pos=6236 len=3	3998	1	1
LanguageFeatures.ns pos=6367 len=3	0	0	0
LanguageFeatures.ns pos=6414 len=18	0	0	0
LanguageFeatures.ns pos=6466 len=0	0	0	0
LanguageFeatures.ns pos=6468 len=9	0	0	0
LanguageFeatures.ns pos=6501 len=9	3998	1	1
LanguageFeatures.ns pos=6513 len=9	0	0	0
LanguageFeatures.ns pos=6523 len=0	3998	1	1
LanguageFeatures.ns pos=6560 len=6	3998	1	1
LanguageFeatures.ns pos=6601 len=9	3998	1	1
LanguageFeatures.ns pos=6638 len=8	3998	1	1
LanguageFeatures.ns pos=6677 len=9	3998	1	1
LanguageFeatures.ns pos=6708 len=8	3998	1	1
LanguageFeatures.ns pos=6782 len=107	18	1	1
LanguageFeatures.ns pos=6814 len=5	3998	1	1
LanguageFeatures.ns pos=6831 len=50	3998	1	1
LanguageFeatures.ns pos=7015 len=3	0	0	0
LanguageFeatures.ns pos=7062 len=18	0	0	0
LanguageFeatures.ns pos=7111 len=0	0	0	0
LanguageFeatures.ns pos=7113 len=9	0	0	0
LanguageFeatures.ns pos=7165 len=11	18	1	1
LanguageFeatures.ns pos=7230 len=14	163818	1	1
LanguageFeatures.ns pos=7251 len=14	163818	1	1
LanguageFeatures.ns pos=7390 len=3	0	0	0
LanguageFeatures.ns pos=7437 len=18	0	0	0
LanguageFeatures.ns pos=7482 len=0	0	0	0
LanguageFeatures.ns pos=7484 len=9	0	0	0
LanguageFeatures.ns pos=7548 len=52	18	1	1
LanguageFeatures.ns pos=7578 len=20	38	1	1
LanguageFeatures.ns pos=7696 len=33	38	1	1
LanguageFeatures.ns pos=7860 len=3	0	0	0
LanguageFeatures.ns pos=7907 len=18	0	0	0
LanguageFeatures.ns pos=7958 len=0	0	0	0
LanguageFeatures.ns pos=7960 len=9	0	0	0
LanguageFeatures.ns pos=8226 len=9	398	1	1
LanguageFeatures.ns pos=8364 len=3	0	0	0
LanguageFeatures.ns pos=8411 len=18	0	0	0
LanguageFeatures.ns pos=8466 len=0	0	0	0
LanguageFeatures.ns pos=8468 len=9	0	0	0
LanguageFeatures.ns pos=8989 len=9	398	1	1
LanguageFeatures.ns pos=9129 len=3	0	0	0
LanguageFeatures.ns pos=9176 len=18	0	0	0
LanguageFeatures.ns pos=9228 len=0	0	0	0
LanguageFeatures.ns pos=9230 len=9	0	0	0
LanguageFeatures.ns pos=9299 len=3	398	1	1
LanguageFeatures.ns pos=9314 len=9	398	1	1
LanguageFeatures.ns pos=9418 len=5	399998	1	1
LanguageFeatures.ns pos=9569 len=9	398	1	1
LanguageFeatures.ns pos=9707 len=3	0	0	0
LanguageFeatures.ns pos=9754 len=18	0	0	0
LanguageFeatures.ns pos=9804 len=0	0	0	0
LanguageFeatures.ns pos=9806 len=9	0	0	0
LanguageFeatures.ns pos=9882 len=50	18	1	1
LanguageFeatures.ns pos=9920 len=9	399998	1	1
LanguageFeatures.ns pos=10102 len=3	0	0	0
LanguageFeatures.ns pos=10149 len=18	0	0	0
LanguageFeatures.ns pos=10204 len=0	0	0	0
LanguageFeatures.ns pos=10206 len=9	0	0	0
LanguageFeatures.ns pos=10282 len=45	18	1	1
LanguageFeatures.ns pos=10319 len=6	399998	1	1
LanguageFeatures.ns pos=10477 len=3	0	0	0
LanguageFeatures.ns pos=10524 len=18	0	0	0
LanguageFeatures.ns pos=11102 len=0	0	0	0
LanguageFeatures.ns pos=11104 len=9	0	0	0
LanguageFeatures.ns pos=11207 len=16	18	1	1
LanguageFeatures.ns pos=11233 len=59	18	1	1
LanguageFeatures.ns pos=11274 len=16	399998	1	1
LanguageFeatures.ns pos=11449 len=3	0	0	0
LanguageFeatures.ns pos=11496 len=18	0	0	0
LanguageFeatures.ns pos=14308 len=0	0	0	0
LanguageFeatures.ns pos=14310 len=9	0	0	0
LanguageFeatures.ns pos=14386 len=80	0	0	0
LanguageFeatures.ns pos=14417 len=0	5994	2	3
LanguageFeatures.ns pos=14454 len=3	1998	1	1
LanguageFeatures.ns pos=14593 len=3	0	0	0
LanguageFeatures.ns pos=14640 len=18	0	0	0
LanguageFeatures.ns pos=14697 len=0	0	0	0
LanguageFeatures.ns pos=14699 len=9	0	0	0
LanguageFeatures.ns pos=14709 len=0	0	0	0
LanguageFeatures.ns pos=14771 len=0	5994	2	3
LanguageFeatures.ns pos=14808 len=3	1998	1	1
LanguageFeatures.ns pos=14851 len=7	0	0	0
LanguageFeatures.ns pos=14868 len=24	0	0	0
LanguageFeatures.ns pos=14887 len=3	1998	1	1
LanguageFeatures.ns pos=14902 len=3	0	0	0
LanguageFeatures.ns pos=15019 len=3	0	0	0
LanguageFeatures.ns pos=15066 len=18	0	0	0
LanguageFeatures.ns pos=15123 len=0	0	0	0
LanguageFeatures.ns pos=15125 len=9	0	0	0
LanguageFeatures.ns pos=15201 len=0	5994	2	3
LanguageFeatures.ns pos=15238 len=3	1998	1	1
LanguageFeatures.ns pos=15324 len=35	0	0	0
LanguageFeatures.ns pos=15349 len=8	1998	1	1
LanguageFeatures.ns pos=15486 len=3	0	0	0
LanguageFeatures.ns pos=15533 len=18	0	0	0
List.ns pos=1082 len=43	0	0	0
List.ns pos=1128 len=0	0	0	0
List.ns pos=1160 len=9	0	0	0
List.ns pos=1190 len=0	0	0	0
List.ns pos=1192 len=9	0	0	0
List.ns pos=1281 len=127	198	1	1
List.ns pos=1298 len=12	198	1	1
List.ns pos=1347 len=12	198	1	1
List.ns pos=1396 len=11	198	1	1
List.ns pos=1425 len=6	198	1	1
List.ns pos=1488 len=25	198	1	1
List.ns pos=1660 len=11	6198	1	1
List.ns pos=1697 len=22	6198	1	1
List.ns pos=2062 len=20	561798	1	1
List.ns pos=2134 len=181	140378	1	1
List.ns pos=2151 len=35	140398	1	1
List.ns pos=2215 len=35	140398	1	1
List.ns pos=2279 len=35	140398	1	1
List.ns pos=2383 len=6	6198	1	1
List.ns pos=2392 len=0	6198	1	1
List.ns pos=2520 len=6	1798	1	1
List.ns pos=2564 len=4	0	0	0
List.ns pos=2569 len=3	0	0	0
List.ns pos=2614 len=18	0	0	0
Mandelbrot.ns pos=2261 len=43	0	0	0
Mandelbrot.ns pos=2307 len=0	0	0	0
Mandelbrot.ns pos=2339 len=9	0	0	0
Mandelbrot.ns pos=2374 len=0	0	0	0
Mandelbrot.ns pos=2376 len=9	0	0	0
Mandelbrot.ns pos=2498 len=65	0	0	0
Mandelbrot.ns pos=2512 len=27	0	0	0
Mandelbrot.ns pos=4579 len=10	0	0	0
Mandelbrot.ns pos=4590 len=3	0	0	0
Mandelbrot.ns pos=4635 len=20	0	0	0
Mirrors.ns pos=1080 len=23	0	0	0
Mirrors.ns pos=1106 len=5	0	0	0
Mirrors.ns pos=1112 len=0	0	0	0
Mirrors.ns pos=3617 len=15	62	1	1
Mirrors.ns pos=3635 len=0	62	1	1
Mirrors.ns pos=3977 len=26	400042	1	1
NBody.ns pos=216 len=43	0	0	0
NBody.ns pos=262 len=0	0	0	0
NBody.ns pos=300 len=9	0	0	0
NBody.ns pos=348 len=6	0	0	0
NBody.ns pos=355 len=5	0	0	0
NBody.ns pos=381 len=0	0	0	0
NBody.ns pos=383 len=9	0	0	0
NBody.ns pos=531 len=11	0	0	0
NBody.ns pos=543 len=3	0	0	0
NBody.ns pos=559 len=73	0	0	0
NBody.ns pos=608 len=13	499998	1	1
NBody.ns pos=697 len=6	0	0	0
NBody.ns pos=920 len=0	0	0	0
NBody.ns pos=922 len=0	0	0	0
NBody.ns pos=942 len=12	0	0	0
NBody.ns pos=1034 len=4	0	0	0
NBody.ns pos=1039 len=3	0	0	0
NBody.ns pos=1044 len=4	0	0	0
NBody.ns pos=1049 len=7	0	0	0
NBody.ns pos=1058 len=4	0	0	0
NBody.ns pos=1063 len=6	0	0	0
NBody.ns pos=1071 len=4	0	0	0
NBody.ns pos=1076 len=6	0	0	0
NBody.ns pos=1084 len=4	0	0	0
NBody.ns pos=1089 len=7	0	0	0
NBody.ns pos=1206 len=122	0	0	0
NBody.ns pos=1352 len=31	0	0	0
NBody.ns pos=1495 len=799	499998	1	1
NBody.ns pos=1584 len=701	2499998	1	1
NBody.ns pos=2310 len=143	499998	1	1
NBody.ns pos=2538 len=557	0	0	0
NBody.ns pos=2542 len=6	0	0	0
NBody.ns pos=2779 len=307	8	1	1
NBody.ns pos=3131 len=0	8	1	1
NBody.ns pos=3133 len=0	8	1	1
NBody.ns pos=3361 len=33	0	0	0
NBody.ns pos=3379 len=4	0	0	0
NBody.ns pos=3384 len=9	0	0	0
NBody.ns pos=3402 len=33	0	0	0
NBody.ns pos=3420 len=4	0	0	0
NBody.ns pos=3425 len=9	0	0	0
NBody.ns pos=3443 len=33	0	0	0
NBody.ns pos=3461 len=4	0	0	0
NBody.ns pos=3466 len=9	0	0	0
NBody.ns pos=3834 len=2	14	1	1
NBody.ns pos=3844 len=2	14	1	1
NBody.ns pos=3932 len=3	0	0	0
NBody.ns pos=3945 len=24	0	0	0
NBody.ns pos=3979 len=25	0	0	0
NBody.ns pos=4014 len=26	0	0	0
NBody.ns pos=4050 len=49	0	0	0
NBody.ns pos=4088 len=11	0	0	0
NBody.ns pos=4109 len=49	0	0	0
NBody.ns pos=4147 len=11	0	0	0
NBody.ns pos=4168 len=49	0	0	0
NBody.ns pos=4206 len=11	0	0	0
NBody.ns pos=4227 len=47	0	0	0
NBody.ns pos=4265 len=9	0	0	0
NBody.ns pos=4336 len=3	0	0	0
NBody.ns pos=4349 len=25	0	0	0
NBody.ns pos=4384 len=25	0	0	0
NBody.ns pos=4419 len=26	0	0	0
NBody.ns pos=4455 len=49	0	0	0
NBody.ns pos=4493 len=11	0	0	0
NBody.ns pos=4514 len=49	0	0	0
NBody.ns pos=4552 len=11	0	0	0
NBody.ns pos=4573 len=49	0	0	0
NBody.ns pos=4611 len=11	0	0	0
NBody.ns pos=4632 len=47	0	0	0
NBody.ns pos=4670 len=9	0	0	0
NBody.ns pos=4741 len=3	0	0	0
NBody.ns pos=4754 len=23	0	0	0
NBody.ns pos=4787 len=24	0	0	0
NBody.ns pos=4821 len=26	0	0	0
NBody.ns pos=4857 len=49	0	0	0
NBody.ns pos=4895 len=11	0	0	0
NBody.ns pos=4916 len=49	0	0	0
NBody.ns pos=4954 len=11	0	0	0
NBody.ns pos=4975 len=49	0	0	0
NBody.ns pos=5013 len=11	0	0	0
NBody.ns pos=5034 len=47	0	0	0
NBody.ns pos=5072 len=9	0	0	0
NBody.ns pos=5144 len=3	0	0	0
NBody.ns pos=5157 len=24	0	0	0
NBody.ns pos=5191 len=24	0	0	0
NBody.ns pos=5225 len=26	0	0	0
NBody.ns pos=5261 len=49	0	0	0
NBody.ns pos=5299 len=11	0	0	0
NBody.ns pos=5320 len=49	0	0	0
NBody.ns pos=5358 len=11	0	0	0
NBody.ns pos=5379 len=49	0	0	0
NBody.ns pos=5417 len=11	0	0	0
NBody.ns pos=5438 len=47	0	0	0
NBody.ns pos=5476 len=9	0	0	0
NBody.ns pos=5544 len=3	0	0	0
NBody.ns pos=5557 len=20	0	0	0
NBody.ns pos=5568 len=9	0	0	0
NBody.ns pos=5626 len=5	0	0	0
NBody.ns pos=5632 len=3	0	0	0
NBody.ns pos=5677 len=23	0	0	0
Permute.ns pos=1085 len=43	0	0	0
Permute.ns pos=1131 len=0	0	0	0
Permute.ns pos=1164 len=6	0	0	0
Permute.ns pos=1171 len=5	0	0	0
Permute.ns pos=1208 len=9	0	0	0
Permute.ns pos=1241 len=0	0	0	0
Permute.ns pos=1243 len=9	0	0	0
Permute.ns pos=1352 len=10	198	1	1
Permute.ns pos=1427 len=27	198	1	1
Permute.ns pos=1554 len=14	723998	1	1
Permute.ns pos=1582 len=122	723998	1	1
Permute.ns pos=1620 len=15	1007798	1	1
Permute.ns pos=1654 len=14	1007798	1	1
Permute.ns pos=1687 len=15	1007798	1	1
Permute.ns pos=1872 len=7	0	0	0
Permute.ns pos=1880 len=3	0	0	0
Permute.ns pos=1925 len=18	0	0	0
Platform.ns pos=15 len=23	0	0	0
Platform.ns pos=41 len=5	0	0	0
Platform.ns pos=47 len=0	0	0	0
Platform.ns pos=280 len=17	0	0	0
Platform.ns pos=328 len=30	0	0	0
Platform.ns pos=361 len=23	0	0	0
Platform.ns pos=415 len=31	0	0	0
Platform.ns pos=448 len=23	0	0	0
Platform.ns pos=506 len=33	0	0	0
Platform.ns pos=541 len=43	0	0	0
Platform.ns pos=578 len=6	0	0	0
Platform.ns pos=619 len=36	0	0	0
Platform.ns pos=657 len=43	0	0	0
Platform.ns pos=694 len=6	0	0	0
Platform.ns pos=735 len=33	0	0	0
Platform.ns pos=770 len=43	0	0	0
Platform.ns pos=807 len=6	0	0	0
Platform.ns pos=848 len=33	0	0	0
Platform.ns pos=883 len=23	0	0	0
Platform.ns pos=941 len=35	0	0	0
Platform.ns pos=978 len=19	0	0	0
Platform.ns pos=991 len=6	0	0	0
Platform.ns pos=1032 len=31	0	0	0
Platform.ns pos=1065 len=19	0	0	0
Platform.ns pos=1119 len=29	0	0	0
Platform.ns pos=1150 len=43	0	0	0
Platform.ns pos=1208 len=47	0	0	0
Platform.ns pos=1232 len=6	0	0	0
Platform.ns pos=1239 len=16	0	0	0
Platform.ns pos=1445 len=416	2	0	1
Platform.ns pos=1519 len=6	0	0	0
Platform.ns pos=1526 len=9	0	0	0
Platform.ns pos=1651 len=6	0	0	0
Platform.ns pos=1658 len=29	0	0	0
Platform.ns pos=1722 len=19	0	0	0
Platform.ns pos=1743 len=15	0	0	0
Platform.ns pos=1767 len=63	0	0	0
Platform.ns pos=1771 len=6	0	0	0
Platform.ns pos=1778 len=9	0	0	0
Processes.ns pos=186 len=23	0	0	0
Processes.ns pos=212 len=5	0	0	0
Processes.ns pos=218 len=0	0	0	0
Processes.ns pos=264 len=61	0	0	0
Processes.ns pos=282 len=7	0	0	0
Processes.ns pos=294 len=12	0	0	0
Processes.ns pos=312 len=13	0	0	0
Processes.ns pos=338 len=16	0	0	0
Processes.ns pos=1642 len=0	0	0	0
Processes.ns pos=2212 len=5	0	0	0
Processes.ns pos=2737 len=5	0	0	0
Queens.ns pos=1083 len=43	0	0	0
Queens.ns pos=1129 len=0	0	0	0
Queens.ns pos=1162 len=6	0	0	0
Queens.ns pos=1169 len=5	0	0	0
Queens.ns pos=1206 len=9	0	0	0
Queens.ns pos=1237 len=0	0	0	0
Queens.ns pos=1239 len=9	0	0	0
Queens.ns pos=1365 len=52	198	1	1
Queens.ns pos=1409 len=6	1998	1	1
Queens.ns pos=1531 len=21	1998	1	1
Queens.ns pos=1578 len=21	1998	1	1
Queens.ns pos=1625 len=21	1998	1	1
Queens.ns pos=1672 len=19	1998	1	1
Queens.ns pos=1706 len=13	1998	1	1
Queens.ns pos=1757 len=293	225998	1	1
Queens.ns pos=1788 len=16	1751998	1	1
Queens.ns pos=1879 len=27	225998	1	1
Queens.ns pos=1965 len=17	223998	1	1
Queens.ns pos=2020 len=26	209998	1	1
Queens.ns pos=2361 len=6	0	0	0
Queens.ns pos=2368 len=3	0	0	0
Queens.ns pos=2413 len=18	0	0	0
Richards.ns pos=15 len=43	0	0	0
Richards.ns pos=61 len=0	0	0	0
Richards.ns pos=100 len=9	0	0	0
Richards.ns pos=149 len=6	0	0	0
Richards.ns pos=195 len=6	0	0	0
Richards.ns pos=202 len=5	0	0	0
Richards.ns pos=557 len=0	0	0	0
Richards.ns pos=559 len=9	0	0	0
Richards.ns pos=606 len=18	0	0	0
Richards.ns pos=625 len=3	0	0	0
Richards.ns pos=629 len=5	0	0	0
Richards.ns pos=731 len=0	0	0	0
Richards.ns pos=733 len=0	0	0	0
Richards.ns pos=966 len=6	2	1	1
Richards.ns pos=993 len=647	2	1	1
Richards.ns pos=1325 len=4	18586	1	1
Richards.ns pos=1416 len=25	18586	1	1
Richards.ns pos=1610 len=8	18590	1	1
Richards.ns pos=1773 len=6	2	1	1
Richards.ns pos=1792 len=1220	2	1	1
Richards.ns pos=2113 len=15	4652	1	1
Richards.ns pos=2164 len=17	18598	1	1
Richards.ns pos=2268 len=4	5882	1	1
Richards.ns pos=2502 len=23	4648	1	1
Richards.ns pos=2697 len=4	17368	1	1
Richards.ns pos=2955 len=25	18598	1	1
Richards.ns pos=3121 len=18	0	0	0
Richards.ns pos=3140 len=6	0	0	0
Richards.ns pos=3159 len=673	0	0	0
Richards.ns pos=3455 len=8	0	0	0
Richards.ns pos=3640 len=16	10012	1	1
Richards.ns pos=3784 len=16	9982	1	1
Richards.ns pos=3912 len=78	14	1	1
Richards.ns pos=4137 len=343	10	1	1
Richards.ns pos=4647 len=20	0	0	0
Richards.ns pos=4668 len=6	0	0	0
Richards.ns pos=4687 len=866	0	0	0
Richards.ns pos=4942 len=4	4652	1	1
Richards.ns pos=5258 len=227	4652	1	1
Richards.ns pos=5505 len=17	4652	1	1
Richards.ns pos=5609 len=9	0	0	0
Richards.ns pos=5631 len=13	0	0	0
Richards.ns pos=5658 len=117	0	0	0
Richards.ns pos=5671 len=5	0	0	0
Richards.ns pos=5727 len=6	0	0	0
Richards.ns pos=5758 len=9	0	0	0
Richards.ns pos=5768 len=7	0	0	0
Richards.ns pos=5796 len=110	0	0	0
Richards.ns pos=5810 len=6	0	0	0
Richards.ns pos=5851 len=6	0	0	0
Richards.ns pos=5892 len=14	0	0	0
Richards.ns pos=5927 len=109	0	0	0
Richards.ns pos=5981 len=6	0	0	0
Richards.ns pos=6022 len=14	0	0	0
Richards.ns pos=6049 len=134	0	0	0
Richards.ns pos=6063 len=6	0	0	0
Richards.ns pos=6156 len=9	0	0	0
Richards.ns pos=6166 len=17	0	0	0
Richards.ns pos=6205 len=113	0	0	0
Richards.ns pos=6219 len=6	0	0	0
Richards.ns pos=6260 len=7	0	0	0
Richards.ns pos=6302 len=16	0	0	0
Richards.ns pos=6339 len=112	0	0	0
Richards.ns pos=6393 len=7	0	0	0
Richards.ns pos=6435 len=16	0	0	0
Richards.ns pos=6472 len=112	0	0	0
Richards.ns pos=6526 len=7	0	0	0
Richards.ns pos=6568 len=16	0	0	0
Richards.ns pos=6598 len=140	0	0	0
Richards.ns pos=6613 len=8	0	0	0
Richards.ns pos=6711 len=9	0	0	0
Richards.ns pos=6721 len=17	0	0	0
Richards.ns pos=6759 len=113	0	0	0
Richards.ns pos=6773 len=6	0	0	0
Richards.ns pos=6814 len=7	0	0	0
Richards.ns pos=6856 len=16	0	0	0
Richards.ns pos=6893 len=112	0	0	0
Richards.ns pos=6947 len=7	0	0	0
Richards.ns pos=6989 len=16	0	0	0
Richards.ns pos=7026 len=112	0	0	0
Richards.ns pos=7080 len=7	0	0	0
Richards.ns pos=7122 len=16	0	0	0
Richards.ns pos=7151 len=140	0	0	0
Richards.ns pos=7166 len=8	0	0	0
Richards.ns pos=7264 len=9	0	0	0
Richards.ns pos=7274 len=17	0	0	0
Richards.ns pos=7304 len=126	0	0	0
Richards.ns pos=7318 len=7	0	0	0
Richards.ns pos=7381 len=6	0	0	0
Richards.ns pos=7413 len=9	0	0	0
Richards.ns pos=7423 len=7	0	0	0
Richards.ns pos=7443 len=126	0	0	0
Richards.ns pos=7457 len=7	0	0	0
Richards.ns pos=7520 len=6	0	0	0
Richards.ns pos=7552 len=9	0	0	0
Richards.ns pos=7562 len=7	0	0	0
Richards.ns pos=7583 len=8	0	0	0
Richards.ns pos=7602 len=16	0	0	0
Richards.ns pos=7632 len=9	0	0	0
Richards.ns pos=7874 len=17	18592	1	1
Richards.ns pos=7953 len=20	0	0	0
Richards.ns pos=7981 len=13	0	0	0
Richards.ns pos=8002 len=40	0	0	0
Richards.ns pos=8014 len=5	0	0	0
Richards.ns pos=8020 len=22	0	0	0
Richards.ns pos=8036 len=6	0	0	0
Richards.ns pos=8050 len=17	0	0	0
Richards.ns pos=8061 len=6	0	0	0
Richards.ns pos=8099 len=15	0	0	0
Richards.ns pos=8122 len=10	0	0	0
Richards.ns pos=8195 len=25	46490	1	1
Richards.ns pos=8390 len=43	46490	1	1
Richards.ns pos=8494 len=18	19996	1	1
Richards.ns pos=8562 len=18	19996	1	1
Richards.ns pos=8887 len=17	46494	1	1
Richards.ns pos=8956 len=22	0	0	0
Richards.ns pos=8970 len=8	0	0	0
Richards.ns pos=9046 len=22	213206	1	1
Richards.ns pos=9303 len=7	131578	1	1
Richards.ns pos=9344 len=6	0	0	0
Richards.ns pos=9797 len=6	2	1	1
Richards.ns pos=9806 len=0	2	1	1
Richards.ns pos=9880 len=6	2	1	1
Richards.ns pos=9889 len=8	0	0	0
Richards.ns pos=9898 len=0	2	1	1
Richards.ns pos=10032 len=29	18598	1	1
Richards.ns pos=10122 len=27	4652	1	1
Richards.ns pos=10303 len=6	0	0	0
Richards.ns pos=10312 len=0	0	0	0
Richards.ns pos=10398 len=42	14	1	1
Richards.ns pos=10443 len=0	14	1	1
Richards.ns pos=10611 len=17	14	1	1
Richards.ns pos=10889 len=0	10	1	1
Richards.ns pos=10891 len=8	0	0	0
Richards.ns pos=12210 len=3	0	0	0
Richards.ns pos=12214 len=7	0	0	0
Richards.ns pos=12260 len=3	2	1	1
Richards.ns pos=12264 len=7	2	1	1
Richards.ns pos=12314 len=3	4	1	1
Richards.ns pos=12318 len=17	4	1	1
Richards.ns pos=12375 len=150	10	1	1
Richards.ns pos=12528 len=9	0	0	0
Richards.ns pos=12538 len=0	10	1	1
Richards.ns pos=12755 len=43	10	1	1
Richards.ns pos=12783 len=15	10	1	1
Richards.ns pos=12809 len=41	10	1	1
Richards.ns pos=12837 len=13	10	1	1
Richards.ns pos=12861 len=41	10	1	1
Richards.ns pos=12889 len=13	10	1	1
Richards.ns pos=13045 len=19	29516	1	1
Richards.ns pos=13163 len=26	16972	1	1
Richards.ns pos=13267 len=19	131578	1	1
Richards.ns pos=13418 len=7	29518	1	1
Richards.ns pos=13456 len=13	16978	1	1
Richards.ns pos=13608 len=6	0	0	0
Richards.ns pos=13617 len=0	0	0	0
Richards.ns pos=13646 len=8	0	0	0
Richards.ns pos=13722 len=8	0	0	0
Richards.ns pos=13731 len=3	0	0	0
Richards.ns pos=13776 len=18	0	0	0
Sieve.ns pos=1083 len=43	0	0	0
Sieve.ns pos=1129 len=0	0	0	0
Sieve.ns pos=1161 len=9	0	0	0
Sieve.ns pos=1203 len=6	0	0	0
Sieve.ns pos=1210 len=5	0	0	0
Sieve.ns pos=1238 len=0	0	0	0
Sieve.ns pos=1240 len=9	0	0	0
Sieve.ns pos=1333 len=23	198	1	1
Sieve.ns pos=1407 len=26	198	1	1
Sieve.ns pos=1528 len=12	198	1	1
Sieve.ns pos=1550 len=261	198	1	1
Sieve.ns pos=1870 len=5	0	0	0
Sieve.ns pos=1876 len=3	0	0	0
Sieve.ns pos=1921 len=18	0	0	0
Sort.ns pos=1082 len=43	4	1	1
Sort.ns pos=1128 len=0	8	2	2
Sort.ns pos=1375 len=43	598	3	1
Sort.ns pos=1393 len=8	598	3	3
Sort.ns pos=1415 len=3	598	1	1
Sort.ns pos=1435 len=11	598	3	3
Sort.ns pos=1893 len=247	398	1	1
Sort.ns pos=2243 len=34	598	1	1
Sort.ns pos=2271 len=4	385998	1	1
Sort.ns pos=2335 len=128	598	1	1
Sort.ns pos=2517 len=0	0	0	0
Sort.ns pos=2519 len=4	0	0	0
Sort.ns pos=2565 len=283	198	1	1
Sort.ns pos=2596 len=250	25998	1	1
Sort.ns pos=2938 len=3	0	0	0
Sort.ns pos=2985 len=18	0	0	0
Sort.ns pos=3036 len=0	0	0	0
Sort.ns pos=3038 len=4	0	0	0
Sort.ns pos=3078 len=38	198	1	1
Sort.ns pos=3108 len=8	198	1	1
Sort.ns pos=3703 len=28	66398	1	1
Sort.ns pos=3768 len=29	73198	1	1
Sort.ns pos=3873 len=3	0	0	0
Sort.ns pos=3920 len=18	0	0	0
Sort.ns pos=3963 len=8	199998	1	1
Sort.ns pos=3974 len=0	199998	1	1
Sort.ns pos=4124 len=5	99598	1	1
Sort.ns pos=4193 len=5	100198	1	1
Sort.ns pos=4330 len=6	99598	1	1
Sort.ns pos=4367 len=9	894598	1	1
Sort.ns pos=4462 len=6	100198	1	1
Sort.ns pos=4500 len=9	1137398	1	1
Sort.ns pos=4550 len=0	0	0	0
Sort.ns pos=4552 len=4	0	0	0
Sort.ns pos=4612 len=149	198	1	1
Sort.ns pos=4687 len=18	198	1	1
Sort.ns pos=4736 len=21	199798	1	1
Sort.ns pos=4833 len=5	198	1	1
Sort.ns pos=4914 len=3	0	0	0
Sort.ns pos=4961 len=18	0	0	0
Storage.ns pos=1085 len=43	0	0	0
Storage.ns pos=1131 len=0	0	0	0
Storage.ns pos=1163 len=6	0	0	0
Storage.ns pos=1202 len=6	0	0	0
Storage.ns pos=1209 len=5	0	0	0
Storage.ns pos=1246 len=9	0	0	0
Storage.ns pos=1279 len=0	0	0	0
Storage.ns pos=1281 len=9	0	0	0
Storage.ns pos=1370 len=3	198	1	1
Storage.ns pos=1403 len=30	198	1	1
Storage.ns pos=1498 len=27	198	1	1
Storage.ns pos=1659 len=4	819198	1	1
Storage.ns pos=1716 len=63	272998	1	1
Storage.ns pos=1739 len=38	1091998	1	1
Storage.ns pos=1819 len=7	0	0	0
Storage.ns pos=1827 len=3	0	0	0
Storage.ns pos=1872 len=18	0	0	0
Streams.ns pos=14 len=23	0	0	0
Streams.ns pos=40 len=5	0	0	0
Streams.ns pos=46 len=0	0	0	0
Streams.ns pos=1994 len=6	0	0	0
Streams.ns pos=2001 len=5	0	0	0
Streams.ns pos=2038 len=6	0	0	0
Streams.ns pos=2045 len=6	0	0	0
Streams.ns pos=2352 len=0	0	0	0
Streams.ns pos=5833 len=16	0	0	0
Streams.ns pos=10522 len=16	0	0	0
Streams.ns pos=13420 len=23	0	0	0
Streams.ns pos=13447 len=15	0	0	0
Streams.ns pos=14334 len=0	0	0	0
Streams.ns pos=15878 len=23	0	0	0
Streams.ns pos=17660 len=14	0	0	0
Streams.ns pos=17678 len=16	0	0	0
Streams.ns pos=19676 len=14	0	0	0
Streams.ns pos=21425 len=19	0	0	0
Streams.ns pos=21448 len=15	0	0	0
Streams.ns pos=23678 len=18	0	0	0
Streams.ns pos=23700 len=20	0	0	0
Streams.ns pos=25596 len=6	0	0	0
System.ns pos=1084 len=23	0	0	0
System.ns pos=1110 len=5	0	0	0
System.ns pos=1116 len=0	0	0	0
System.ns pos=1162 len=24	0	0	0
System.ns pos=1460 len=8	0	0	0
System.ns pos=1469 len=16	0	0	0
System.ns pos=1524 len=8	0	0	0
System.ns pos=1533 len=14	0	0	0
System.ns pos=1613 len=32	72	1	1
Threading.ns pos=1082 len=43	0	0	0
Threading.ns pos=1128 len=5	0	0	0
Threading.ns pos=1134 len=0	0	0	0
Threading.ns pos=1197 len=9	0	0	0
Threading.ns pos=1353 len=51	0	0	0
Threading.ns pos=1381 len=9	0	0	0
Threading.ns pos=1399 len=5	0	0	0
Threading.ns pos=1417 len=50	0	0	0
Threading.ns pos=1445 len=6	0	0	0
Threading.ns pos=1463 len=4	0	0	0
Threading.ns pos=1480 len=32	0	0	0
Threading.ns pos=1543 len=0	0	0	0
Threading.ns pos=2323 len=0	0	0	0
Threading.ns pos=2993 len=0	0	0	0
Threading.ns pos=3753 len=0	0	0	0
Towers.ns pos=1101 len=43	0	0	0
Towers.ns pos=1147 len=0	0	0	0
Towers.ns pos=1180 len=6	0	0	0
Towers.ns pos=1187 len=5	0	0	0
Towers.ns pos=1224 len=9	0	0	0
Towers.ns pos=1255 len=0	0	0	0
Towers.ns pos=1257 len=9	0	0	0
Towers.ns pos=1893 len=53	1638198	1	1
Towers.ns pos=1909 len=21	1638198	1	1
Towers.ns pos=2048 len=78	198	1	1
Towers.ns pos=2082 len=42	2798	1	1
Towers.ns pos=2104 len=6	2798	1	1
Towers.ns pos=2232 len=36	819198	1	1
Towers.ns pos=2364 len=49	818998	1	1
Towers.ns pos=2430 len=36	818998	1	1
Towers.ns pos=2483 len=47	818998	1	1
Towers.ns pos=2605 len=25	198	1	1
Towers.ns pos=2664 len=27	198	1	1
Towers.ns pos=2767 len=27	198	1	1
Towers.ns pos=2825 len=9	2798	1	1
Towers.ns pos=2837 len=0	2798	1	1
Towers.ns pos=2923 len=6	0	0	0
Towers.ns pos=2930 len=3	0	0	0
Towers.ns pos=2976 len=18	0	0	0
Transactions.ns pos=19 len=43	0	0	0
Transactions.ns pos=65 len=5	0	0	0
Transactions.ns pos=71 len=0	0	0	0
Transactions.ns pos=134 len=9	0	0	0
